Date,Close,EMA30,SMA30,SMA60,SMA200
2012-07-09,3985.044922,,,,
2012-07-10,4009.677979,,,,
2012-07-11,4019.133057,,,,
2012-07-12,3984.120117,,,,
2012-07-13,4019.673096,,,,
2012-07-16,4047.465088,,,,
2012-07-17,4080.672119,,,,
2012-07-18,4081.63501,,,,
2012-07-19,4096.195801,,,,
2012-07-20,4081.200928,,,,
2012-07-23,4009.792969,,,,
2012-07-24,3992.113037,,,,
2012-07-25,4000.839111,,,,
2012-07-26,4004.775879,,,,
2012-07-27,4084.211914,,,,
2012-07-30,4099.121094,,,,
2012-07-31,4142.336914,,,,
2012-08-01,4130.464844,,,,
2012-08-02,4093.112061,,,,
2012-08-03,4099.812988,,,,
2012-08-06,4105.499023,,,,
2012-08-07,4085.580078,,,,
2012-08-08,4090.708984,,,,
2012-08-09,4131.169922,,,,
2012-08-10,4141.563965,,,,
2012-08-13,4102.529785,,,,
2012-08-14,4121.556152,,,,
2012-08-15,4141.98584,,,,
2012-08-16,4160.507813,,,,
2012-08-23,4162.65918,4076.8386556667,4076.8386556667,,
2012-08-24,4145.398926,4081.261898914,4082.1837891333,,
2012-08-27,4145.87793,4085.4306751131,4086.7237875,,
2012-08-28,4142.848145,4089.135028009,4090.8476237667,,
2012-08-29,4093.169922,4089.3953437504,4094.4826172667,,
2012-08-30,4025.583008,4085.2784188633,4094.6796143333,,
2012-08-31,4060.331055,4083.6689115172,4095.1084799,,
2012-09-03,4117.948242,4085.8804812258,4096.3510173333,,
2012-09-04,4105.25293,4087.1303166306,4097.1382813333,,
2012-09-05,4075.352051,4086.3704285254,4096.4434896667,,
2012-09-06,4102.856934,4087.4340740399,4097.1653565333,,
2012-09-07,4143.679199,4091.0627917792,4101.6282308667,,
2012-09-10,4160.660156,4095.5529443096,4107.2464681667,,
2012-09-11,4155.355957,4099.4112031929,4112.3970297,,
2012-09-12,4174.097168,4104.2296525353,4118.0410726667,,
2012-09-13,4170.63916,4108.5141368878,4120.9219808667,,
2012-09-14,4256.998047,4118.0937439918,4126.1845459667,,
2012-09-17,4255.283203,4126.9446768311,4129.9494222667,,
2012-09-18,4223.894043,4133.1994746484,4133.0637289,,
2012-09-19,4244.710938,4140.3937626066,4138.1170248,,
2012-09-20,4217.516113,4145.3693981158,4142.0404623,,
2012-09-21,4244.621094,4151.7727333342,4146.6778646667,,
2012-09-24,4200.914063,4154.9431416997,4150.5223308333,,
2012-09-25,4226.88623,4159.5846312675,4155.0615723667,,
2012-09-26,4180.163086,4160.9122735083,4156.6946778333,,
2012-09-27,4225.023926,4165.0485091529,4159.4766765333,,
2012-09-28,4262.561035,4171.3396398527,4164.8110515333,,
2012-10-01,4236.292969,4175.5301772171,4168.6356121,,
2012-10-02,4256.838867,4180.7758991385,4172.4640463333,,
2012-10-03,4251.51123,4185.3394688715,4175.4974935667,,
2012-10-04,4271.460938,4190.8956926863,4179.1242188333,4127.98143725,
2012-10-05,4311.313965,4198.6646134807,4184.6547201333,4130.9868885246,
2012-10-08,4268.234863,4203.1530166755,4188.7332845667,4135.6293465738,
2012-10-09,4280.25,4208.1270155997,4193.3133464,4140.0649534754,
2012-10-10,4280.009766,4212.7646123997,4199.5413412,4144.3416208361,
2012-10-11,4284.966797,4217.4228178578,4208.1874675,4149.273533623,
2012-10-12,4311.391113,4223.4852885121,4216.5561361,4154.0557961967,
2012-10-15,4313.521973,4229.2941068662,4223.0752604667,4158.4173844754,
2012-10-16,4329.076172,4235.7316594555,4230.5360352,4162.4895820656,
2012-10-17,4337.525879,4242.2990284583,4239.2751628,4166.6845143443,
2012-10-18,4356.96582,4249.6968859771,4247.745459,4170.9594326885,
2012-10-19,4331.253906,4254.9586292044,4253.9979492333,4175.0586618361,
2012-10-22,4341.376953,4260.5340049332,4260.0218424667,4180.4944648525,
2012-10-23,4330.14502,4265.0250381633,4265.8481445667,4186.0359727705,
2012-10-24,4335.375,4269.5637453786,4271.2240723,4191.5201676721,
2012-10-25,4339.152832,4274.0533638703,4276.8411947,4197.0017570656,
2012-10-29,4331.365234,4277.7509038786,4279.3201009333,4201.0534508361,
2012-10-30,4364.598145,4283.3539516929,4282.9639323333,4205.4055336394,
2012-10-31,4350.291016,4287.6724719708,4287.1771647667,4208.8146172787,
2012-11-01,4335.361816,4290.7492038437,4290.1988607,4212.1735840328,
2012-11-02,4338.89209,4293.8551964989,4294.2447266,4216.2027648361,
2012-11-05,4302.938965,4294.4412460796,4296.1886556333,4219.5326988853,
2012-11-06,4314.265137,4295.7202067842,4299.9670247667,4222.9550941967,
2012-11-07,4350.423828,4299.2494726691,4304.0849447,4227.2967950164,
2012-11-08,4327.868164,4301.0958398517,4309.0084473,4231.1846504262,
2012-11-09,4333.640137,4303.1954719258,4312.6289876667,4234.5038342787,
2012-11-12,4318.59082,4304.1887201886,4314.4966471667,4237.4059138689,
2012-11-13,4332.083984,4305.9884146281,4317.689681,4241.169097459,
2012-11-14,4351.28418,4308.9107220714,4320.8378581,4244.9351307049,
2012-11-19,4313.438965,4309.2028667765,4322.9021159333,4247.7458376721,
2012-11-20,4312.366211,4309.4069535006,4324.2656250333,4250.2353196066,
2012-11-21,4317.276855,4309.9146890812,4324.4643880333,4252.7700355902,
2012-11-22,4335.926758,4311.592887076,4326.7207845333,4255.8934426721,
2012-11-23,4348.808105,4313.9938688775,4329.0060547,4259.2201668525,
2012-11-26,4375.168945,4317.9406479822,4332.1780273333,4263.0287045574,
2012-11-27,4337.508789,4319.203108693,4333.9294270667,4267.0342597541,
2012-11-28,4304.823242,4318.275375358,4333.7104980333,4271.6119685082,
2012-11-29,4319.085938,4318.327669722,4333.8959635333,4275.8538518361,
2012-11-30,4276.141113,4315.6059563851,4332.1314615667,4278.4471775902,
2012-12-03,4302.443848,4314.7567881022,4330.9620605333,4281.6798155902,
2012-12-04,4269.651855,4311.8467924182,4328.0515950333,4284.8650582787,
2012-12-05,4286.839844,4310.2334409073,4326.5711263,4287.8811715574,
2012-12-06,4292.60498,4309.0961208488,4324.9453938667,4290.3225778033,
2012-12-07,4290.795898,4307.9154613102,4323.6337564667,4292.455950623,
2012-12-10,4302.608887,4307.5731016772,4322.5415527,4294.869933082,
2012-12-11,4317.917969,4308.2405124723,4321.8337239333,4297.2276511312,
2012-12-12,4337.527832,4310.1300169579,4322.0391438667,4299.963531,
2012-12-13,4320.188965,4310.7789813477,4320.5588378667,4300.9994476885,
2012-12-14,4308.862793,4310.655356293,4319.1778971,4301.877801623,
2012-12-17,4315.856934,4310.9909419516,4318.5277343667,4303.38539,
2012-12-18,4301.436035,4310.3744963418,4317.2791992,4304.315309623,
2012-12-19,4275.858887,4308.1476828359,4316.3765299333,4305.271748541,
2012-12-20,4254.815918,4304.7069238142,4314.3948893,4305.4388768033,
2012-12-21,4250.213867,4301.1912427294,4311.0545572667,4306.2470703115,
2012-12-26,4275.094238,4299.5075650049,4309.2954264,4307.0373655246,
2012-12-27,4281.86084,4298.3690666175,4307.5694498333,4308.7045418197,
2012-12-28,4316.687012,4299.5508695454,4307.5059895667,4310.2072153607,
2013-01-02,4346.475098,4302.5782391231,4307.9856933667,4311.5828557377,
2013-01-03,4399.257813,4308.8156309862,4309.5848144667,4314.2544105574,
2013-01-04,4410.02002,4315.3449464064,4312.8041829667,4316.765577,
2013-01-07,4392.378906,4320.3148792834,4315.4712728,4319.0748831639,
2013-01-09,4362.928223,4323.0641272651,4316.3400963448,4320.72868655,
2013-01-10,4317.365234,4322.6964567319,4315.2558594138,4321.5475260667,
2013-01-11,4305.912109,4321.6135955879,4312.8676926552,4321.9752278833,
2013-01-14,4382.498047,4325.5416247113,4314.4190463793,4323.6833659,
2013-01-15,4400.824219,4330.3985662783,4317.7294248966,4325.6143229333,
2013-01-16,4410.963867,4335.5963276152,4320.8976293448,4327.2738688333,
2013-01-17,4398.382813,4339.6470686077,4325.1128603793,4328.6882161667,
2013-01-18,4465.483887,4347.7655730201,4330.7349306897,4330.9616780833,
2013-01-21,4439.974121,4353.7145115995,4336.6081122759,4332.6691487833,
2013-01-22,4416.547852,4357.7682754963,4341.0808022069,4333.66218265,
2013-01-23,4418.727051,4361.7010997223,4345.4298391379,4335.1200684,
2013-01-25,4437.598145,4366.5976832886,4350.4919855862,4336.7237549333,
2013-01-28,4416.937012,4369.8453819152,4354.4343347241,4338.1702881333,
2013-01-29,4439.029785,4374.3088917916,4358.6106042414,4339.8978678833,
2013-01-30,4452.975098,4379.3841309018,4362.5915444483,4341.79490565,
2013-01-31,4453.703125,4384.1789047146,4367.195481,4343.8338705,
2013-02-01,4481.633789,4390.466316604,4373.1531015517,4345.7844645667,
2013-02-04,4490.564941,4396.9242923715,4379.1775155862,4348.1223633167,
2013-02-05,4479.440918,4402.2479456378,4385.315615,4350.5236816833,
2013-02-06,4498.976074,4408.4884700483,4393.0093111035,4353.1917480833,
2013-02-07,4503.147949,4414.5955332065,4401.5724845862,4356.5285644833,
2013-02-08,4491.26709,4419.5420852577,4409.8846646897,4359.4785970333,
2013-02-11,4503.24707,4424.942406854,4417.7520037241,4362.0256510667,
2013-02-12,4548.243164,4432.8972944118,4426.9376011035,4365.6985677333,
2013-02-13,4571.567871,4441.8437832239,4435.7265962414,4369.6640299667,
2013-02-15,4609.786133,4452.678773532,4446.4330183214,4375.236493678,
2013-02-18,4612.049805,4462.9607755622,4453.6483677857,4379.6562500339,
2013-02-19,4626.990234,4473.5433212679,4462.0273437857,4384.970678322,
2013-02-20,4634.451172,4483.924472928,4467.9729930345,4390.4297454576,
2013-02-21,4632.403809,4493.5037849327,4477.2652546207,4395.7708802712,
2013-02-22,4651.123047,4503.6727695822,4488.7741447241,4401.1131902542,
2013-02-25,4696.106934,4516.087876964,4502.2291386897,4406.9996110848,
2013-02-26,4663.030762,4525.5680630953,4511.9026805862,4411.8786249322,
2013-02-27,4716.415039,4537.8807712182,4522.7851226552,4418.3007647627,
2013-02-28,4795.789063,4554.5200158493,4536.054957,4426.6222193559,
2013-03-01,4811.612793,4571.1066466332,4550.3042666552,4434.9701321526,
2013-03-05,4751.701172,4582.7579063343,4564.4666748929,4445.4543794483,
2013-03-06,4824.680176,4598.3657946998,4579.0428293214,4455.0238332586,
2013-03-07,4848.299805,4614.4905695579,4594.3847133929,4464.7041774138,
2013-03-08,4874.495117,4631.2650564897,4609.9881766786,4474.7367659828,
2013-03-11,4854.312012,4645.6551826516,4625.6087123929,4484.4525610517,
2013-03-13,4835.438965,4657.8992976418,4639.7661831072,4493.6392865345,
2013-03-14,4786.367188,4666.1875486327,4651.6730434643,4501.7159972069,
2013-03-15,4819.324219,4676.0673338177,4664.7309396786,4510.0228314655,
2013-03-18,4802.826172,4684.2453233778,4676.2020962143,4518.3441626207,
2013-03-19,4822.626953,4693.1731704502,4688.0614537857,4527.2021653793,
2013-03-20,4831.5,4702.0974820341,4700.6349924286,4536.092563069,
2013-03-21,4802.666016,4708.585774548,4711.4810617857,4544.7344592931,
2013-03-22,4723.15918,4709.5259942546,4719.33860575,4552.4465333104,
2013-03-25,4777.900879,4713.9372771414,4729.5755267857,4561.4652395345,
2013-03-26,4842.519043,4722.2328749387,4741.6923829643,4571.6773977414,
2013-03-27,4928.102051,4735.5147572653,4755.2587717857,4582.9361531379,
2013-03-28,4940.98584,4748.7709561514,4768.4522706786,4594.3003772759,
2013-04-01,4937.575195,4760.9518747868,4774.2840956552,4605.0053459483,
2013-04-02,4957.250977,4773.6163329941,4786.265642,4615.5359645517,
2013-04-03,4981.46582,4787.025977317,4799.0041252759,4625.5740336379,
2013-04-04,4922.61084,4795.7733878127,4809.1979392759,4634.4118063966,
2013-04-05,4926.067871,4804.1794835022,4819.2536875172,4643.6133402759,
2013-04-08,4897.520996,4810.2015165666,4828.3956594828,4647.9168598644,
2013-04-09,4899.586914,4815.968316401,4836.9633790345,4657.0127698814,
2013-04-10,4877.475098,4819.936495859,4843.2174536552,4666.5061574068,
2013-04-11,4924.263184,4826.6672499326,4852.2254682069,4676.9866841017,
2013-04-12,4937.209961,4833.7990377434,4859.8390862069,4686.3885809492,
2013-04-15,4894.591797,4837.7211512438,4863.2460770345,4694.7575229492,
2013-04-17,4998.652832,4848.1038403249,4869.6957335517,4710.0000001035,
2013-04-18,5012.638184,4858.7189592717,4878.6935615517,4719.4336948793,
2013-04-19,4998.460938,4867.7345708025,4884.6860016207,4729.062777931,
2013-04-22,4996.922852,4876.0692986217,4889.8109342759,4739.0692434483,
2013-04-23,4975.330078,4882.4732198719,4893.2880018966,4748.6658473621,
2013-04-24,5011.606934,4890.804427235,4898.7119647241,4758.5625506207,
2013-04-25,4994.522949,4897.4959447683,4904.1976193448,4768.5209288448,
2013-04-26,4978.506836,4902.72245388,4910.8231244483,4777.8222573104,
2013-04-29,4999.751953,4908.9824215651,4917.0447704483,4787.2494444655,
2013-04-30,5034.070801,4917.0526395932,4925.0187231724,4797.2557837069,
2013-05-01,5060.918945,4926.3343367162,4933.2356884138,4807.2434588104,
2013-05-02,4994.045898,4930.702824541,4938.8407193793,4815.9241649655,4416.7685921225
2013-05-03,4925.48291,4930.3660558609,4943.0757846897,4823.6145441379,4419.3508983046
2013-05-06,4991.871094,4934.3341228376,4952.3417127586,4832.1127341379,4424.4616910558
2013-05-07,5042.789063,4941.3312157513,4961.475788069,4841.4168912759,4429.7059097564
2013-05-08,5089.334961,4950.8798444771,4969.9866817931,4851.7284062931,4435.138406731
2013-05-10,5105.937012,4960.8835327043,4976.1189218276,4862.1196121897,4440.8329087361
2013-05-13,5054.62793,4966.9315583363,4980.0376145862,4870.8503840173,4446.0864865736
2013-05-14,5081.939941,4974.351453992,4985.0157092759,4879.6499024655,4451.3376279594
2013-05-15,5089.879883,4981.8049010248,4989.5891198276,4883.2131224746,4456.4605100102
2013-05-16,5078.678223,4988.0547927652,4992.9412716552,4891.1604460339,4461.5216430711
2013-05-17,5145.683105,4998.2243612964,5000.6334187241,4900.2050782373,4466.8489897919
2013-05-20,5214.976074,5012.2083427612,5010.5957705517,4910.1709399322,4472.6041935787
2013-05-21,5188.758789,5023.5986941314,5020.638453069,4919.5659842881,4478.5887916498
2013-05-22,5207.999023,5035.4954895423,5031.2733533793,4929.3218353729,4484.760801731
2013-05-23,5121.402832,5041.0378987331,5039.6846545517,4937.2926791864,4490.4489424467
2013-05-24,5155.092773,5048.3962777181,5047.6442955517,4945.0721001864,4496.2881144975
2013-05-27,5085.13623,5050.7665972201,5052.7452013793,4952.2264301526,4501.3689485888
2013-05-28,5176.234863,5058.8613240447,5062.4570312414,4960.0199864915,4506.8365311726
2013-05-29,5200.692871,5068.0117464289,5067.0648925667,4966.8827628983,4512.2088964366
2013-05-30,5129.646973,5071.9882126593,5071.4313639333,4972.2731727288,4517.2808869391
2013-05-31,5068.62793,5071.7714202296,5073.2976888,4973.87908535,4522.2327441421
2013-06-03,4971.354004,5065.2928772471,5072.3941243333,4977.5399658833,4526.6568102132
2013-06-04,5021.611816,5062.4747442634,5073.2170898,4980.8221598833,4531.3071289594
2013-06-05,5001.221191,5058.5229021174,5074.0801269,4983.37084965,4535.9550533909
2013-06-07,4865.324219,5046.0584709485,5069.2040364,4983.21800135,4539.8871104213
2013-06-10,4777.365234,5028.7234234034,5061.9654459,4981.93555505,4543.1672896701
2013-06-11,4609.948242,5001.7056697645,5049.6801594333,4978.1773763333,4545.5448748325
2013-06-12,4697.883789,4982.1042581023,5039.6178873,4976.7026530167,4548.5669763756
2013-06-13,4607.663086,4957.9467631279,5025.4042968,4973.1749674667,4551.034524264
2013-06-14,4760.744141,4945.2240133132,5015.39847,4972.4736002833,4554.1754293452
2013-06-17,4774.503906,4934.2098128414,5008.0804036,4971.6715495,4557.2921607817
2013-06-18,4840.452148,4928.1609312387,5005.2460448667,4971.8207519667,4560.7327342234
2013-06-19,4806.655762,4920.3218880621,4999.0722004667,4971.8872477333,4564.0893679086
2013-06-20,4629.994141,4901.591065671,4985.3123697333,4970.3344970833,4566.5468106041
2013-06-21,4515.37207,4876.6737111115,4966.1802733667,4965.9590169333,4568.4377949949
2013-06-24,4429.459961,4847.8212111043,4943.6310383333,4959.0746989,4570.1448510305
2013-06-25,4418.87207,4820.1470729686,4922.4391763333,4950.58753255,4572.1412422081
2013-06-26,4587.728027,4805.1522958093,4905.9654458667,4944.6999023333,4574.818384198
2013-06-27,4675.749023,4796.8036975636,4892.1610838667,4940.3361328,4577.6498602437
2013-06-28,4818.89502,4798.2289441724,4883.5016437667,4938.0302001833,4581.2724089239
2013-07-01,4777.452148,4796.8885057096,4871.2272785333,4934.6299723167,4584.8363688071
2013-07-02,4728.704102,4792.4895119219,4855.0182128,4931.39819335,4588.0132579848
2013-07-03,4577.152832,4778.5968228947,4834.6313475667,4925.5829427,4590.2136317564
2013-07-04,4581.933105,4765.908841095,4813.7624836333,4920.3231445167,4592.3520731218
2013-07-05,4602.807129,4755.3861499921,4796.4759602,4915.3768147667,4594.623398868
2013-07-08,4433.625,4734.6273661217,4772.4270344333,4907.9793131333,4595.9407990305
2013-07-09,4403.799805,4713.2836525009,4749.7158202667,4899.3049234833,4597.1243556041
2013-07-10,4478.644043,4698.1456131783,4726.4627929333,4891.6621581833,4598.2494621827
2013-07-12,4633.10791,4693.9496323281,4692.9879949655,4887.3040934,4602.0871158878
2013-07-15,4635.729004,4690.1934627585,4678.0604457931,4881.2553629333,4604.0821060204
2013-07-16,4644.039063,4687.2157595483,4666.7737236897,4875.11204425,4606.2582435204
2013-07-17,4679.000977,4686.6857735774,4654.9595568276,4869.7877115667,4608.4744674133
2013-07-18,4720.435059,4688.8631468305,4645.2772764138,4865.1795816833,4611.1250847398
2013-07-19,4724.411133,4691.1565652931,4640.4182044828,4860.9975992667,4613.6634771021
2013-07-22,4678.98291,4690.3711681774,4637.0257105517,4855.4538655333,4616.2084762041
2013-07-23,4767.15918,4695.3252334563,4642.4467773793,4851.6644693833,4618.974472398
2013-07-24,4718.103027,4696.7947685236,4643.1439924828,4847.3244059,4621.2986662347
2013-07-25,4674.117188,4695.3316988124,4645.4355132414,4841.8971598167,4623.5324632704
2013-07-26,4658.874023,4692.9795906955,4641.9227505517,4835.6438801833,4625.5836630459
2013-07-29,4580.466797,4685.7207007796,4635.2318157586,4827.6363443833,4627.2620077755
2013-07-30,4608.48877,4680.737995568,4627.2330785862,4821.21039225,4628.9815375306
2013-07-31,4610.376953,4676.1985734669,4620.4648437931,4815.9586263,4630.507369102
2013-08-01,4624.335938,4672.8525969851,4620.2697333448,4809.8330403667,4632.3242113214
2013-08-02,4640.780762,4670.7834463409,4624.594171,4803.1329020167,4634.1636539847
2013-08-12,4597.779785,4666.073532706,4630.3983028621,4794.94031575,4635.7849295918
2013-08-13,4652.396973,4665.1911740153,4638.4508857241,4787.3813151,4637.6595733469
2013-08-14,4699.73291,4667.4196731111,4642.313123069,4781.4663981,4639.6409090459
2013-08-15,4685.128906,4668.5622042652,4642.6365673104,4774.85288085,4641.5368627857
2013-08-16,4568.653809,4662.1165013449,4634.0075600345,4766.1657796167,4642.7591976684
2013-08-19,4313.518066,4639.6262797097,4618.009833069,4753.4131103333,4642.6367088265
2013-08-20,4174.98291,4609.6492881156,4598.9159988621,4737.23477375,4641.7082245918
2013-08-21,4218.448242,4584.4105109468,4586.546875069,4720.62597655,4641.1326854898
2013-08-22,4171.413086,4557.765515789,4572.3910123448,4703.6702148333,4640.2655229031
2013-08-23,4169.827148,4532.7372339961,4557.4606681724,4686.36735025,4639.4475745765
2013-08-26,4120.668945,4506.1521830932,4546.669080069,4669.6884521333,4638.3521355204
2013-08-27,3967.842041,4471.4224965065,4531.6360537241,4649.9009399333,4636.4576927092
2013-08-28,4026.475098,4442.7162127319,4516.0440211379,4632.2565877333,4634.9021307908
2013-08-29,4103.592773,4420.8372811363,4502.2956462,4614.3792195667,4633.5704707296
2013-08-30,4195.088867,4406.272867321,4487.6950114333,4597.6191528333,4632.7786230306
2013-09-02,4101.23291,4386.5928700745,4469.8784749667,4580.47891845,4631.5840877959
2013-09-03,4164.012207,4372.2328272955,4453.8775797667,4565.4019897333,4630.6918434949
2013-09-04,4073.455078,4352.95684347,4433.6927164667,4550.4370076333,4629.5210073367
2013-09-05,4050.864014,4333.4669835042,4411.3736816333,4534.2578776,4628.1771240561
2013-09-06,4072.354004,4316.6209848265,4389.638444,4518.7767578167,4626.7584004643
2013-09-09,4191.257813,4308.5330382571,4373.3809407667,4507.5423177167,4626.0614088776
2013-09-10,4358.143066,4311.7336852082,4359.7470703,4500.5552815833,4626.1864238214
2013-09-11,4349.418945,4314.1649922916,4347.4576009,4496.2131266333,4626.3437101735
2013-09-12,4356.60498,4316.9030560147,4336.8738606333,4490.5251464833,4626.4688172959
2013-09-13,4375.539063,4320.6860242073,4327.4293619667,4486.6564127667,4626.592566699
2013-09-16,4522.23877,4333.6894271617,4325.4884277333,4482.68132325,4627.6578718265
2013-09-17,4517.620117,4345.5559232803,4322.4594726333,4478.3999267667,4628.7050856327
2013-09-18,4463.253906,4353.1493415202,4317.5553710667,4472.1132894,4629.4498665051
2013-09-19,4670.73291,4373.6386040028,4319.1019368,4469.8479085333,4631.1580611582
2013-09-20,4583.828125,4387.1992182607,4317.2035155667,4469.0784749333,4632.3571428929
2013-09-23,4562.856934,4398.5319741148,4316.0394205333,4469.8698893333,4633.3147346735
2013-09-24,4460.413086,4402.5243039139,4309.6399576333,4470.38577475,4633.9417974133
2013-09-25,4406.76709,4402.7980320485,4299.8744303,4470.1840250833,4634.4619190867
2013-09-26,4405.893066,4402.9977116582,4290.5665689667,4467.1534424,4634.9048125969
2013-09-27,4423.719238,4404.3345843255,4285.7354166,4462.9529459833,4635.6577622143
2013-09-30,4316.175781,4398.6469195948,4285.8240071,4454.574292,4635.7278230969
2013-10-01,4345.898926,4395.2438232338,4291.5212076333,4447.3817383,4636.1168387653
2013-10-02,4387.604004,4394.7509316704,4297.1597330333,4441.6967366667,4636.6309416225
2013-10-03,4418.643066,4396.2923596916,4305.4007323667,4439.0549072333,4637.2739930816
2013-10-04,4389.347168,4395.8442828083,4312.7180663667,4435.8451416167,4637.7768056837
2013-10-07,4374.958984,4394.4968441755,4321.194401,4432.0476725333,4638.1459388316
2013-10-08,4432.506836,4396.9491017126,4336.6832275,4432.0290364667,4638.7305759082
2013-10-09,4457.437988,4400.8516105053,4351.0486571667,4432.9230061833,4639.3423624184
2013-10-10,4486.678223,4406.3888113114,4363.8181721667,4433.0569091833,4640.1917974082
2013-10-11,4519.912109,4413.7128950333,4374.6456135667,4434.480764918,4641.2685796327
2013-10-16,4492.26123,4418.7805295472,4387.6798909,4432.1718029508,4642.168601551
2013-10-17,4518.930176,4425.2417970603,4399.5104898667,4430.2570680656,4643.2782655357
2013-10-18,4546.570801,4433.0694747339,4415.2810139667,4428.6592277049,4644.6594487704
2013-10-21,4578.178223,4442.4313294607,4432.8581542667,4427.0063956721,4646.309256449
2013-10-22,4512.743164,4446.9675768503,4447.5377929333,4423.6016105082,4647.6486916378
2013-10-23,4546.499023,4453.3889604729,4459.3791666,4420.685018541,4649.0334099286
2013-10-24,4594.845215,4462.5151704424,4467.2692382333,4419.3057120656,4650.6302689847
2013-10-25,4580.846191,4470.1494298332,4474.9834797667,4416.2514007705,4651.978019898
2013-10-28,4590.538086,4477.9164399085,4482.7812499667,4414.1601722295,4653.2232392245
2013-10-29,4562.77002,4483.3908644305,4489.0222818667,4412.3348088197,4654.0574851786
2013-10-30,4574.87793,4489.2932557576,4490.7769205333,4410.9578236885,4654.8985969643
2013-10-31,4510.630859,4490.6698753216,4490.5439452667,4409.8129722459,4655.5019232551
2013-11-01,4432.588867,4486.9227134944,4489.5217773,4406.9293672787,4654.3703848985
2013-11-04,4423.288086,4482.8172536561,4481.2736165,4403.8623366721,4654.6767801421
2013-11-06,4449.759766,4480.684512517,4476.8046712,4401.0004322131,4655.3488336041
2013-11-07,4486.108887,4481.034472161,4474.2464029667,4398.4648277049,4656.2635380609
2013-11-08,4476.720215,4480.7561329893,4474.7899739333,4396.4802445902,4656.7418231777
2013-11-11,4441.724121,4478.2379386675,4475.9552083,4393.0265912787,4656.9494368934
2013-11-12,4380.640137,4471.9413063018,4475.113444,4387.7955622131,4656.79550933
2013-11-13,4301.891113,4460.9703260888,4471.0525065,4381.5129754426,4656.3057037462
2013-11-14,4367.371094,4454.931665954,4472.7590169333,4378.2132588033,4655.807669264
2013-11-15,4335.448242,4447.223057957,4472.4106608,4378.5727698853,4655.2770810457
2013-11-18,4393.591797,4443.7629766049,4472.6102539,4382.1565221312,4655.1605528477
2013-11-19,4398.335938,4440.8321999207,4471.9333496333,4385.1055007541,4655.0570446599
2013-11-20,4350.786133,4435.0227762484,4470.6479818,4388.0460425082,4654.6163745482
2013-11-21,4326.205078,4428.0022795873,4469.0228516,4390.6096151312,4654.1558063553
2013-11-22,4317.959961,4420.9027751623,4465.2046224333,4393.843894082,4653.5412387208
2013-11-25,4334.803223,4415.3479653453,4461.1167969333,4399.8596511639,4652.9413814873
2013-11-26,4235.26123,4403.7294662908,4452.7362305,4403.2823746394,4651.8325393807
2013-11-27,4251.48877,4393.907485885,4443.7887858667,4405.7068991803,4650.6642905533
2013-11-28,4233.924805,4383.5860226021,4435.1775717,4406.3435539016,4649.3615487462
2013-11-29,4256.436035,4375.3827975955,4426.427767,4408.8878674262,4648.229544264
2013-12-02,4321.977051,4371.9372655571,4418.9413086667,4411.4774550328,4647.331072066
2013-12-03,4288.76416,4366.5712587469,4409.2941732333,4415.0071121148,4646.2428294822
2013-12-04,4241.301758,4358.4893554729,4400.2461263667,4418.1290423443,4644.9739699289
2013-12-05,4216.894043,4349.3541740231,4389.2592937,4420.4985511803,4643.520401264
2013-12-06,4180.788086,4338.4789425377,4375.4573894,4420.3269163115,4641.6551470609
2013-12-09,4214.341797,4330.4700944385,4363.2405762667,4417.969518459,4639.8418167361
2013-12-10,4275.678223,4326.9351349909,4352.7452475,4416.7606541639,4638.0026066667
2013-12-11,4271.743164,4323.3743626689,4343.0443523,4415.3694768525,4636.2953189445
2013-12-12,4212.217773,4316.202969787,4330.9556804,4412.6920786557,4634.2759652475
2013-12-13,4174.830078,4307.0821380588,4319.7623210333,4406.9968541967,4631.992328096
2013-12-16,4125.956055,4295.3965843131,4309.5412273,4400.5761318689,4629.4241709394
2013-12-17,4182.346191,4288.1030105509,4301.5098308,4395.9710873607,4627.1511526667
2013-12-18,4196.282227,4282.1790890315,4293.0605795,4388.1932073115,4624.8539768081
2013-12-19,4231.97998,4278.9404368359,4284.5896159333,4382.4252049344,4622.5099012828
2013-12-20,4195.556152,4273.5608055562,4275.2174805,4376.4038806394,4620.148918404
2013-12-23,4189.60791,4268.1444897139,4266.8136068,4371.9644515246,4617.4882763384
2013-12-24,4202.833984,4263.9309087001,4260.8867350333,4368.6212858525,4614.4935537172
2013-12-27,4212.97998,4260.6437520097,4257.9230306,4365.4587762459,4611.4701556717
2013-12-30,4274.176758,4261.5168491704,4254.8165527333,4363.0072601803,4609.7752139749
2014-01-02,4327.265137,4265.7586741917,4254.5437825667,4363.1890529016,4607.6423695779
2014-01-03,4257.663086,4265.2363781793,4250.0128255333,4361.7425637213,4604.7930374673
2014-01-06,4202.809082,4261.2088106839,4243.4952636667,4358.7131387705,4601.5493654925
2014-01-07,4175.806152,4255.6989617365,4237.6625976333,4354.7322057541,4598.0383656684
2014-01-08,4200.592773,4252.1437237535,4233.4755208,4351.6378714098,4594.7533443668
2014-01-09,4201.217773,4248.8581785436,4229.5841145333,4348.7896548361,4591.566303201
2014-01-10,4254.971191,4249.252566444,4226.9230468,4345.8792344262,4588.8959715578
2014-01-13,4390.770996,4258.3827877057,4232.1067056667,4344.786332918,4586.7424377739
2014-01-15,4441.594238,4270.2028812731,4238.4435546,4344.0472511967,4584.9272019246
2014-01-16,4412.48877,4279.3826160297,4244.3956867667,4342.2862128525,4582.8662060302
2014-01-17,4412.228027,4287.9532877052,4249.5887531667,4340.9741931312,4580.7593116935
2014-01-20,4431.571777,4297.2189966919,4253.2419107,4339.5420882295,4578.8945165226
2014-01-21,4452.499023,4307.2370629054,4258.6997394667,4337.9999279344,4577.5344152312
2014-01-22,4477.48877,4318.2210440082,4266.5726398667,4336.3492811639,4576.0248066432
2014-01-23,4496.041992,4329.6933632335,4275.8775715,4336.075491459,4574.2837159347
2014-01-24,4437.342773,4336.6384864443,4284.4293944,4334.2860447377,4571.8175889096
2014-01-27,4322.779785,4335.7443766737,4288.043994,4329.8259557213,4568.7110258191
2014-01-28,4341.650879,4336.1254413399,4290.2430825333,4325.9047210984,4565.7164312663
2014-01-29,4417.349121,4341.3656787373,4295.0966144333,4323.0655577377,4563.0033566131
2014-01-30,4418.756836,4346.3586566252,4301.9812498667,4320.7046858689,4560.1756732764
2014-02-03,4386.258789,4348.9328587139,4309.0288735667,4317.6125688033,4557.4804368392
2014-02-04,4352.255859,4349.1472458291,4316.5722003667,4315.0162573279,4554.596959392
2014-02-05,4384.310059,4351.4158144208,4323.3043293,4314.224801459,4552.0180099598
2014-02-06,4424.708984,4356.1444060066,4330.9185545333,4314.2480948689,4549.6316887035
2014-02-07,4466.665039,4363.2747694255,4338.7413898333,4314.5252304918,4547.5673165477
2014-02-10,4450.748047,4368.9182066884,4347.2477863333,4313.9455445902,4545.1878434975
2014-02-11,4470.189941,4375.4518669665,4356.6005207,4313.838490918,4542.8410092261
2014-02-12,4496.286133,4383.2476260655,4366.382259,4314.7329501312,4540.8394732261
2014-02-13,4491.660156,4390.2419828354,4375.6715982,4316.5529504426,4540.59357664
2014-02-14,4508.043945,4397.8421094267,4383.4671711,4319.9325050656,4538.140532205
2014-02-17,4555.368164,4408.0050806895,4391.0706053333,4323.0144242459,4535.854182105
2014-02-18,4556.190918,4417.5654572902,4401.0215330667,4326.6331566394,4533.642832005
2014-02-19,4592.650879,4428.8612909489,4414.0162596333,4329.8964202787,4531.62147214
2014-02-20,4598.221191,4439.7877361135,4428.0967609333,4333.1732277049,4529.735927705
2014-02-21,4646.152832,4453.1016132674,4442.9487629,4338.0153047377,4527.908657195
2014-02-24,4623.574219,4464.0998458953,4457.0273111,4342.8902086885,4526.053913545
2014-02-25,4577.291016,4471.4025020311,4467.7713052667,4347.141537459,4524.047834445
2014-02-26,4532.720215,4475.358483513,4472.5029459,4350.3860783115,4521.712675755
2014-02-27,4568.939941,4481.3959968993,4476.7478026667,4355.8562211148,4519.387021455
2014-02-28,4620.21582,4490.3521145187,4483.6720376667,4361.9009268525,4517.18350583
2014-03-03,4584.205078,4496.4071444207,4489.4046060333,4367.6432264098,4515.13430173
2014-03-04,4601.28418,4503.1734047806,4495.0616861333,4373.2964746885,4513.51330808
2014-03-05,4659.171875,4513.2378222141,4501.9507812,4378.8242586885,4511.849811985
2014-03-06,4687.856934,4524.5035713616,4508.9630533333,4385.3667631803,4510.07515134
2014-03-07,4685.890137,4534.9156078544,4515.2913248333,4392.6550972623,4508.05792722
2014-03-10,4677.246094,4544.0982198638,4523.2881022,4400.2018521967,4505.91447263
2014-03-11,4704.213867,4554.4282616145,4536.0025716,4408.7826027049,4504.162402315
2014-03-12,4684.384766,4562.81255222,4547.4270345,4416.4882251476,4502.17462644
2014-03-13,4726.166992,4573.3515483349,4557.7209635333,4423.8732869344,4500.356061985
2014-03-14,4878.643066,4593.047775281,4573.0505045333,4433.8224656557,4499.3558862
2014-03-17,4876.187988,4611.314885779,4589.3814778333,4444.7072232787,4498.008410615
2014-03-18,4805.611816,4623.8501715997,4604.4933430667,4455.0479075082,4495.961589325
2014-03-19,4821.457031,4636.5990012385,4619.0649088,4466.4495628525,4494.125080535
2014-03-20,4698.973145,4640.6231395457,4628.2070475,4474.9188571803,4491.579951145
2014-03-21,4700.214844,4644.4677656395,4635.992041,4483.180047623,4489.474011205
2014-03-24,4720.419922,4649.3679047595,4644.9811035,4491.1872597869,4487.30064695
2014-03-25,4703.09082,4652.8338992912,4652.7444661333,4499.5075002459,4485.3904199
2014-03-26,4728.240234,4657.6988241111,4660.4762695,4508.3375383443,4483.150446755
2014-03-27,4723.057129,4661.9154889426,4668.1895019333,4516.865786623,4480.762268045
2014-03-28,4768.276855,4668.7775125592,4676.8639322667,4525.969014082,4478.955417455
2014-04-01,4873.934082,4682.0134202651,4687.4827962,4535.8011013607,4477.981948215
2014-04-02,4870.205078,4694.1548175383,4697.9499348667,4544.7017561312,4477.476203585
2014-04-03,4891.319824,4706.8751405358,4707.9055663667,4555.0895715082,4476.824743625
2014-04-04,4857.943848,4716.6215087593,4716.5629882667,4565.8294857049,4476.10835691
2014-04-07,4921.039063,4729.8097380652,4725.7258626333,4578.0464186721,4476.38693113
2014-04-08,4921.403809,4742.1706458674,4735.6535156333,4589.8629930328,4477.107124005
2014-04-09,4921.403809,4753.734075747,4747.1239420667,4601.6693214918,4478.66440184
2014-04-10,4765.729004,4754.5079420859,4754.8909017,4610.0424003935,4479.003627915
2014-04-11,4816.576172,4758.5123440158,4763.1454427333,4617.0228131148,4480.048193345
2014-04-14,4864.883789,4765.3750178858,4771.3010417,4623.961986082,4480.568891585
2014-04-15,4870.214844,4772.1388776351,4780.8347005667,4631.4656922131,4481.047446275
2014-04-16,4873.01123,4778.646771336,4789.8922689,4639.0195152131,4481.210241685
2014-04-17,4897.051758,4786.2858027337,4797.8215983333,4646.6503345738,4481.662221665
2014-04-21,4892.288086,4793.1246597186,4804.6359700667,4653.8599913443,4482.97369139
2014-04-22,4898.206055,4799.9041045755,4811.7131673333,4660.7569960164,4484.887861315
2014-04-23,4893.147949,4805.9198364738,4818.9098958333,4667.2669297377,4487.206301255
2014-04-24,4891.079102,4811.4139826368,4825.138737,4674.7052302131,4489.567336415
2014-04-25,4897.643066,4816.9771493054,4832.247347,4684.1292184262,4491.11691161
2014-04-28,4818.757813,4817.0920308341,4835.3337077,4691.9506435738,4491.83195556
2014-04-29,4819.681152,4817.2590709093,4833.3683105667,4698.5462506394,4491.83588622
2014-04-30,4840.145996,4818.7356467216,4832.1669108333,4705.4542696557,4492.14935546
2014-05-02,4838.759766,4820.0275253847,4833.2718425,4712.872318459,4492.69963378
2014-05-05,4842.50293,4821.477551489,4833.9733724667,4720.9091556885,4494.02638427
2014-05-06,4834.467773,4822.3156302961,4838.4898600667,4728.2887903443,4495.28905761
2014-05-07,4862.068848,4824.8803540189,4843.8849935333,4735.4586241803,4496.585366205
2014-05-08,4860.88916,4827.2035027919,4848.5673014667,4741.9213146885,4498.721687005
2014-05-09,4898.138184,4831.7799338376,4855.0688802667,4749.2555792295,4501.1933789
2014-05-12,4912.998047,4837.0198121061,4861.2274740333,4756.5147285082,4503.36514892
2014-05-13,4921.394043,4842.4633108735,4867.8387045,4763.4837106394,4505.4448946617
2014-05-14,4991.63623,4852.087370172,4875.284017,4771.6800397213,4507.2286176468
2014-05-16,5031.570801,4863.6669463544,4880.5385743,4780.2624471967,4509.1979798209
2014-05-19,5014.996094,4873.4301171703,4885.3649415,4787.7973312951,4511.0435371891
2014-05-20,4895.955078,4874.8833404496,4885.5194499667,4793.3672355574,4512.1229108259
2014-05-21,4910.291992,4877.1677695819,4887.2643881,4798.574466918,4513.0674726816
2014-05-22,4969.881836,4883.149322254,4888.8924805333,4804.6672643771,4514.2887199602
2014-05-23,4973.057129,4888.9498259151,4890.6142578667,4810.0263512131,4515.7517757761
2014-05-26,4963.924805,4893.7869213399,4892.0316244,4815.6058690164,4516.7307092338
2014-05-28,4985.578125,4899.7089344793,4899.3599284333,4822.2991003115,4518.0614311144
2014-05-30,4893.908203,4899.3346937387,4901.9376628,4828.2202148689,4519.1549187513
2014-06-02,4912.09082,4900.1576696265,4903.5112305,4833.8456391148,4520.414703811
2014-06-03,4942.157227,4902.8673184893,4905.9093099333,4839.1233670984,4522.2141586866
2014-06-04,4932.563965,4904.7832311674,4907.8944011,4844.8341685246,4523.8264730896
2014-06-05,4935.563965,4906.7690849631,4909.1781413333,4850.314165,4525.4443189204
2014-06-06,4937.175781,4908.730807288,4910.6743978333,4854.871606082,4527.0007360498
2014-06-09,4885.083008,4907.2051428178,4910.2369629333,4858.1048204098,4528.2161701095
2014-06-10,4946.089844,4909.7138332167,4912.0016927667,4862.3703893771,4529.9490559751
2014-06-11,4971.945801,4913.7287988801,4914.6972494,4867.2015321148,4531.5388511393
2014-06-12,4934.407227,4915.0628910169,4915.9227214333,4870.9751937541,4532.7063850547
2014-06-13,4926.663086,4915.8112906932,4919.5195638667,4874.9469694918,4533.9080476418
2014-06-16,4885.458984,4913.8530773582,4921.7121582667,4877.558313623,4535.4841927911
2014-06-17,4909.51709,4913.5733362383,4924.0245280667,4878.0644451639,4538.4493620647
2014-06-18,4887.859863,4911.914402481,4925.6611979667,4878.2557873771,4541.9960135721
2014-06-19,4864.272949,4908.8407603209,4926.3868652667,4879.2174452951,4545.2090718159
2014-06-20,4847.701172,4904.8962707518,4926.8279785667,4879.6476771148,4548.5736891592
2014-06-23,4842.128906,4900.8467633485,4926.1633138333,4881.9944928689,4551.9184740249
2014-06-24,4862.240234,4898.3560195196,4926.2083496333,4884.6506468033,4555.6078834229
2014-06-25,4838.981934,4894.525433357,4924.2364746333,4886.5942863443,4559.9419127413
2014-06-26,4872.419922,4893.099271334,4922.8838704667,4889.3701732623,4564.1505934577
2014-06-27,4845.133789,4890.0047240866,4920.341862,4891.2864610492,4567.8398522438
2014-06-30,4878.582031,4889.2677761455,4916.5733887,4893.8360496066,4571.2403157463
2014-07-01,4884.825195,4888.9811580071,4911.6818685,4895.7466781312,4575.1387848259
2014-07-02,4908.273926,4890.2258527163,4908.1244629,4896.3096263935,4578.8415794478
2014-07-03,4888.734863,4890.1296598314,4907.8837890667,4896.6133933607,4582.8976977811
2014-07-04,4905.825195,4891.1422750036,4907.7348958333,4896.8511863279,4587.151235995
2014-07-07,4989.030762,4897.4576612614,4908.3731933667,4899.0001521312,4591.7118168806
2014-07-08,5024.711914,4905.667613051,4910.0950195333,4900.6997070656,4595.8583546965
2014-07-10,5098.009766,4918.076784209,4912.1157731724,4903.2980713167,4600.789885245
2014-07-11,5032.599121,4925.4653220665,4916.8982186207,4907.7459066,4604.16985595
2014-07-14,5021.062988,4931.632913417,4920.6558795862,4911.1540202,4607.397475575
2014-07-15,5070.820801,4940.6127771321,4925.0925545517,4914.5863037333,4610.14038573
2014-07-16,5113.930176,4951.794544801,4931.3465618276,4918.6482259333,4613.121936025
2014-07-17,5071.202148,4959.4982611364,4936.0237405517,4921.9514079,4616.161677235
2014-07-18,5087.01416,4967.7250933211,4941.1905812069,4925.1174479333,4618.243083485
2014-07-21,5127.123047,4978.0088322682,4949.5367894483,4929.03136395,4620.959558095
2014-07-22,5083.520996,4984.816068638,4954.2757946897,4932.1199463,4623.562878405
2014-07-23,5093.22998,4991.8105145323,4958.4580077586,4935.4546468167,4626.726962875
2014-07-24,5098.641113,4998.7028112076,4964.1212452069,4938.9140136667,4630.18633299
2014-07-25,5088.801758,5004.5156464846,4969.7122338966,4942.0999918667,4633.60087645
2014-08-04,5119.245117,5011.9175478081,4977.7738246897,4947.1081136,4637.078505845
2014-08-05,5109.086914,5018.1865391753,4984.6555427586,4951.9315429667,4641.04306151
2014-08-06,5058.227051,5020.7697980027,4990.5302733793,4955.5662272167,4644.604702135
2014-08-07,5066.978027,5023.7509740671,4997.5201036552,4959.3698649,4648.00157225
2014-08-08,5053.759766,5025.6870251595,5004.6255724138,4962.8908121667,4651.17715575
2014-08-11,5113.23584,5031.3353357944,5013.9740873793,4967.5369466167,4654.79659911
2014-08-12,5132.39502,5037.8553154206,5023.2897696552,4972.0423828167,4658.58377929
2014-08-13,5168.269043,5046.2691042967,5034.6444975517,4977.1653808667,4662.262590325
2014-08-14,5155.546875,5053.3192830517,5044.407495931,4981.4555257167,4665.75313476
2014-08-15,5148.961914,5059.489775371,5054.8843278276,4985.3882568333,4669.064553215
2014-08-18,5156.750977,5065.7646916051,5064.4763604483,4989.3108724,4672.248747555
2014-08-19,5165.167969,5072.1778062757,5074.1433526552,4992.20306805,4675.61328125
2014-08-20,5190.166992,5079.7900118063,5083.8638032069,4994.8463379,4678.96946533
2014-08-21,5206.13623,5087.9413807221,5094.808677931,4998.0320068333,4682.267292475
2014-08-22,5198.895996,5095.0997429981,5104.9145676207,5003.0810221333,4685.37088134
2014-08-25,5184.956055,5100.8969244175,5111.6706122069,5007.6587565167,4688.731945795
2014-08-26,5146.551758,5103.8423975519,5115.8719861379,5010.6032552167,4691.73220947
2014-08-27,5165.24707,5107.8039893227,5117.5178222667,5013.8064209,4694.584218745
2014-08-28,5184.479004,5112.7507644632,5120.4001302,5017.4823242167,4697.60238281
2014-08-29,5136.862793,5114.3063792075,5123.8755859333,5020.00373535,4700.334006345
2014-09-01,5177.618164,5118.3910104844,5129.0940918,5024.7322347,4703.408247065
2014-09-02,5201.585938,5123.7584251629,5133.4529297,5029.5571533333,4706.541787105
2014-09-03,5224.134766,5130.2343181201,5137.1264160333,5034.2567789833,4710.10930664
2014-09-04,5205.321777,5135.0786703059,5141.5970703333,5038.8027425167,4713.97297119
2014-09-05,5217.334961,5140.38552777,5145.9410970333,5043.4989257833,4717.943205565
2014-09-08,5246.48291,5147.230520172,5149.9197591333,5048.6540446,4721.926821285
2014-09-09,5197.119141,5150.4491408706,5153.7063639667,5053.8546468167,4725.481872555
2014-09-10,5142.991211,5149.9679841047,5155.3650716667,5057.1363362667,4728.813227535
2014-09-11,5133.033203,5148.8754175818,5156.5114746667,5059.8211263,4732.269772945
2014-09-12,5143.710938,5148.5422253507,5158.3417806667,5063.3095214833,4736.08512695
2014-09-15,5144.897949,5148.3071107475,5159.1968750667,5066.9467692,4740.30016113
2014-09-16,5130.50293,5147.1584539251,5159.9107422667,5071.0308349667,4744.11582031
2014-09-17,5188.184082,5149.8052686396,5164.2426433,5075.6752848333,4748.37949951
2014-09-18,5208.14209,5153.5689345338,5168.9481120667,5081.01332195,4752.452250975
2014-09-19,5227.582031,5158.3439730155,5174.7421875667,5087.0684733167,4756.59848144
2014-09-22,5219.803223,5162.3090859177,5178.2944336667,5093.2701741667,4760.94356689
2014-09-23,5188.11377,5163.9739042456,5180.1517253333,5099.0365885667,4765.25311035
2014-09-24,5174.006836,5164.6211901652,5180.3429851,5104.2326986,4769.533344725
2014-09-25,5201.378906,5166.992655703,5181.8707194667,5110.2726481333,4773.86622314
2014-09-26,5132.562988,5164.7713868189,5181.3240886,5114.6083659,4778.35273193
2014-09-29,5142.01123,5163.3029896048,5180.8327637,5119.55632325,4782.80534423
2014-09-30,5137.579102,5161.6433839529,5179.9131348,5123.8729411,4787.323615715
2014-10-01,5140.913086,5160.3059453753,5178.2713379333,5128.1410726167,4791.74600097
2014-10-02,5000.809082,5150.0158251575,5171.4270996667,5129.6833252167,4795.140161125
2014-10-03,4949.346191,5137.0693971473,5163.1087728333,5130.6935140167,4798.44307128
2014-10-06,5000.138184,5128.2351253314,5156.9481771333,5132.2653971667,4802.23725341
2014-10-07,5032.84082,5122.0806540197,5153.1578125333,5132.9955648,4806.316987295
2014-10-08,4958.519043,5111.5282920184,5146.2668783,5131.8923502833,4810.20564208
2014-10-09,4993.878906,5103.9380090495,5139.9135417,5129.6298348033,4814.103327625
2014-10-10,4962.959961,5094.8426511108,5134.1167806333,5127.4159035738,4817.539736315
2014-10-13,4913.053223,5083.1143009101,5125.2979492667,5125.4561347541,4820.74628661
2014-10-14,4922.582031,5072.7573802707,5115.9978190333,5123.8416928361,4824.2981079
2014-10-15,4962.939941,5065.6723841888,5107.2913248667,5122.0731541475,4828.238657215
2014-10-16,4951.61377,5058.3137639185,5098.8343913,5119.412229459,4832.36694579
2014-10-17,5028.945801,5056.4190566335,5092.5547526333,5118.719502459,4836.59994384
2014-10-20,5040.532227,5055.3940998829,5085.6897298667,5117.9575035574,4840.82119384
2014-10-21,5029.344238,5053.7134636324,5080.0972331,5116.3545722623,4844.80801513
2014-10-22,5074.323242,5055.0431267529,5077.8083008,5116.2037894098,4849.20185058
2014-10-23,5103.518066,5058.1705421882,5076.8244629,5116.3724465574,4853.77140136
2014-10-24,5073.067871,5059.131660176,5074.469694,5115.953213082,4858.122570795
2014-10-27,5024.291992,5056.8839396486,5070.4494954333,5114.8956759344,4862.179130855
2014-10-28,5001.304199,5053.2981499293,5066.1428710667,5112.9622182623,4865.81476806
2014-10-29,5074.056152,5054.6373758693,5062.3386067333,5112.3879434754,4869.548723135
2014-10-30,5058.849121,5054.9091013616,5057.3621744333,5112.3981413443,4873.55465331
2014-10-31,5089.546875,5057.1437964351,5052.7610025667,5112.768122459,4877.988342275
2014-11-03,5085.508789,5058.9737959554,5048.2845214333,5113.2885982459,4882.53685546
2014-11-04,5070.939941,5059.7458053131,5044.3787271333,5112.5952228525,4886.8885913
2014-11-05,5066.832031,5060.2029811639,5040.8062336333,5111.5204197541,4891.21666259
2014-11-06,5034.230957,5058.5273667017,5035.2346353333,5109.323074082,4895.11296142
2014-11-07,4987.423828,5053.9400416242,5030.3966633333,5106.5669585574,4898.09622558
2014-11-10,4965.387207,5048.2269555194,5024.5091959,5103.5575371312,4900.715190425
2014-11-11,5032.28418,5047.1983893568,5020.9993651667,5101.5170978361,4903.814167475
2014-11-12,5048.84082,5047.3043526241,5017.9302896333,5099.6100953935,4906.99723144
2014-11-13,5048.667969,5047.3923278742,5019.5255858667,5097.2904392787,4910.0827124
2014-11-14,5049.487793,5047.5275191726,5022.8636392667,5094.7224321148,4913.06765625
2014-11-17,5053.942871,5047.9414128389,5024.6571288333,5092.3461513771,4915.949926755
2014-11-18,5102.469238,5051.4593370429,5026.9780761,5090.9939084754,4918.982062985
2014-11-19,5127.933105,5056.393128524,5032.6252115,5090.6886846557,4922.435014645
2014-11-20,5093.565918,5058.7913730063,5035.9481119,5089.5135838033,4926.28894531
2014-11-21,5112.044922,5062.2270858446,5040.9176106,5088.3261398361,4930.140915525
2014-11-24,5141.76416,5067.3585099837,5048.5413085,5088.4064901148,4933.76299072
2014-11-25,5118.944824,5070.686659275,5055.0867349333,5087.444632082,4937.26393066
2014-11-26,5133.036133,5074.709205967,5060.756608,5086.3208647869,4940.99781738
2014-11-27,5145.314941,5079.2644146788,5067.2133137,5085.0287365082,4944.96311279
2014-11-28,5149.888184,5083.8207868931,5071.2447264667,5084.119989082,4948.791003415
2014-12-01,5164.288086,5089.0122255451,5075.3699217667,5083.2503681803,4952.488898925
2014-12-02,5175.792969,5094.6109831874,5080.2515461333,5082.0915166885,4956.034538575
2014-12-03,5166.043945,5099.2195613688,5083.3089029,5081.5820872459,4959.611018065
2014-12-04,5177.160156,5104.2479868289,5085.7636392333,5082.1422338853,4963.14586914
2014-12-05,5187.994141,5109.6509645174,5089.5945149,5083.0432328689,4966.60440918
2014-12-08,5144.01416,5111.8679448711,5093.5852538333,5083.0482037213,4969.8661792
2014-12-09,5122.312012,5112.5417556536,5097.6188476,5082.677942459,4972.937519535
2014-12-10,5165.407227,5115.9524312243,5100.6638834333,5083.2501440492,4975.98771485
2014-12-11,5152.694824,5118.3229081776,5103.7920735333,5082.6683529344,4978.97023438
2014-12-12,5160.433105,5121.0396950694,5106.1549478667,5081.8862384262,4981.80914551
2014-12-15,5108.432129,5120.2263037101,5106.9190592,5079.9329613443,4984.3602002
2014-12-16,5026.027832,5114.1489829546,5105.4219889,5076.7563155902,4986.2595752
2014-12-17,5035.648926,5109.084463151,5104.3825520667,5074.256891918,4988.319948735
2014-12-18,5113.345215,5109.3593503671,5107.019694,5073.2624391148,4991.00021973
2014-12-19,5144.621094,5111.6343015692,5112.2596028667,5072.3319831803,4994.059724125
2014-12-22,5125.771973,5112.5464094035,5117.6057617333,5072.2206550656,4996.843884285
2014-12-23,5139.067871,5114.257471442,5121.1652181,5072.1724032787,4999.43814454
2014-12-24,5166.98291,5117.6591126393,5125.1032877667,5072.654432918,5002.3520337
2014-12-29,5178.373047,5121.5761406625,5129.4267903667,5073.2685306394,5005.237478035
2014-12-30,5226.946777,5128.3742462327,5135.3420898333,5076.9757059672,5008.076352545
2015-01-02,5242.769043,5135.7545557015,5141.6362955667,5081.7859166557,5010.85091309
2015-01-05,5219.995117,5141.189430624,5145.5538248667,5085.3901286721,5013.52143799
2015-01-06,5169.060059,5142.9875356805,5146.9247233333,5087.6232309508,5015.980507815
2015-01-07,5207.118164,5147.1249955721,5150.7097982,5091.6986263771,5018.4950293
2015-01-08,5211.828125,5151.2993910191,5154.0359049667,5095.2715643935,5021.132246095
2015-01-09,5216.665039,5155.5165295985,5156.5326009333,5099.4306640328,5023.58473633
2015-01-12,5187.933105,5157.6079215599,5158.8322103,5103.9368916066,5025.131186525
2015-01-13,5214.358887,5161.2692741689,5161.5429687667,5108.7201187541,5026.82204102
2015-01-14,5159.667969,5161.165964158,5162.0214030333,5111.9451683935,5028.592321785
2015-01-15,5188.711914,5162.9431222123,5163.3155273667,5115.8320232131,5030.4285962
2015-01-16,5148.378906,5162.0034953599,5162.7852213667,5117.7899429672,5032.675625005
2015-01-19,5152.092773,5161.3640939174,5161.9952148333,5119.6188043771,5034.93501465
2015-01-20,5166.089844,5161.6689810195,5161.9967448,5121.860535623,5037.16336426
2015-01-21,5215.266113,5165.1268605021,5163.2669433667,5124.1710744918,5039.724240725
2015-01-22,5253.183105,5170.8079085342,5165.4399088333,5126.6245997213,5042.34895508
2015-01-23,5323.884766,5180.6838348223,5171.4355957,5130.7363520984,5045.353093265
2015-01-26,5260.023926,5185.8025503822,5176.0259928333,5134.6008100328,5047.81182862
2015-01-27,5277.148926,5191.6958649382,5179.7507161333,5139.1228547377,5049.82790284
2015-01-28,5268.852051,5196.6736833938,5183.6226237,5142.3162301312,5051.821137705
2015-01-29,5262.717773,5200.9345924006,5187.0321126333,5145.6583391803,5053.67812745
2015-01-30,5289.403809,5206.6422837941,5193.0645019667,5148.9346823607,5055.835427255
2015-02-02,5276.23584,5211.1321906461,5201.4047689,5152.0613553279,5057.61141114
2015-02-03,5291.717773,5216.3312604754,5209.9403971333,5155.6806640492,5059.46298096
2015-02-04,5315.28418,5222.7153197996,5216.6716959667,5159.7536500984,5061.432382815
2015-02-05,5279.89502,5226.4043327157,5221.1808268333,5163.7809298197,5064.003212895
2015-02-06,5342.515137,5233.895352347,5228.4055989667,5169.6020988197,5066.63290772
2015-02-09,5348.470215,5241.2872789698,5235.3856771,5175.8821481312,5069.05083985
2015-02-10,5321.474121,5246.4606236169,5240.5353841333,5180.6229668361,5071.307136235
2015-02-11,5336.519043,5252.2708442222,5245.8069173333,5185.3390032787,5073.6246753
2015-02-12,5343.411133,5258.1508628531,5249.6890625333,5190.1708584262,5075.856472175
2015-02-13,5374.165039,5265.6356484109,5254.0689290667,5195.4934362295,5078.26585694
2015-02-16,5325.495117,5269.4975496102,5257.5855957333,5199.9451123935,5080.40230225
2015-02-17,5337.500977,5273.8848675063,5263.200293,5203.7980917213,5082.62406739
2015-02-18,5390.449219,5281.4051482479,5269.3113281667,5208.1016345738,5085.120917975
2015-02-20,5400.104004,5289.0631389415,5275.5871908,5213.1268490984,5087.633222665
2015-02-23,5403.276855,5296.431765784,5281.8075846667,5217.901143082,5090.555817875
2015-02-24,5417.313965,5304.2306173464,5289.4536133333,5222.418353,5093.54398194
2015-02-25,5445.10791,5313.3194749369,5297.1452474333,5227.7652888361,5096.56879151
2015-02-26,5454.795898,5322.4469861023,5306.9828450667,5233.040039082,5099.64897217
2015-02-27,5450.293945,5330.6951769989,5315.7022461,5238.0396948853,5102.687927245
2015-03-02,5477.831055,5340.1878142893,5326.6839844,5243.4158075246,5105.904743655
2015-03-03,5474.619141,5348.8608031093,5337.4348633333,5248.5032018689,5108.96749512
2015-03-04,5448.059082,5355.26069207,5346.8338379333,5252.9665807705,5111.90334473
2015-03-05,5450.946777,5361.433987872,5354.6898600667,5257.637119,5114.667387695
2015-03-06,5514.787109,5371.3277376222,5363.4099935333,5263.171987082,5117.676333005
2015-03-09,5444.633789,5376.0571602917,5367.4349609667,5267.3791944262,5120.292531735
2015-03-10,5462.928223,5381.6617449826,5374.1984375333,5272.6072938197,5122.6489917
2015-03-11,5419.565918,5384.1071754998,5378.9456706,5277.4803086721,5124.588967285
2015-03-12,5439.832031,5387.7023274676,5384.6450032667,5281.9790759508,5126.71314697
2015-03-13,5426.46582,5390.2031979535,5390.1032715,5286.4671250656,5129.36570068
2015-03-16,5435.270996,5393.1107978275,5394.9655110667,5290.9726642623,5131.9905957
2015-03-17,5439.152832,5396.0812516451,5400.3960774667,5296.3943151312,5134.33695068
2015-03-18,5413.150879,5397.182517926,5404.4438476667,5302.7405945902,5136.53741943
2015-03-19,5453.854004,5400.838742834,5409.0628418,5309.596415541,5138.987065425
2015-03-20,5443.064941,5403.5630136835,5414.5018391667,5315.0016569508,5141.274499505
2015-03-23,5437.098145,5405.7265705426,5417.6546061,5319.7963627049,5143.990449215
2015-03-24,5447.647949,5408.4311756044,5420.9605305667,5325.0730180492,5146.66823486
2015-03-25,5405.48877,5408.2413429847,5423.7610188667,5329.4405737705,5148.984892575
2015-03-26,5368.799805,5405.6967276309,5424.8370442667,5332.749047459,5151.166071775
2015-03-27,5396.854004,5405.1262293321,5426.6184733,5336.3307024918,5153.47252197
2015-03-30,5438.655762,5407.2894249881,5428.7681640667,5339.8013415902,5155.979921875
2015-03-31,5518.674805,5414.4755785373,5435.207487,5344.3243868689,5159.14788086
2015-04-01,5466.867188,5417.8556823736,5439.5196940333,5348.37147,5161.75176758
2015-04-02,5456.398926,5420.3423432527,5441.7180176,5353.0819432295,5164.174033205
2015-04-06,5480.030762,5424.1932089783,5444.3822428667,5357.5559202459,5166.90215088
2015-04-07,5523.290039,5430.5865528507,5448.3826823333,5362.6618532623,5169.885285645
2015-04-08,5486.583984,5434.1992903442,5450.6916829667,5367.086754,5172.890910645
2015-04-09,5500.899902,5438.5025556123,5452.5514160333,5372.2173572295,5175.847824705
2015-04-10,5491.339844,5441.9114129276,5453.7695475667,5376.7580286557,5178.86522461
2015-04-13,5447.40918,5442.2661075775,5453.6733887333,5381.4750976885,5181.780905765
2015-04-14,5419.106934,5440.7719673467,5451.7159180333,5385.2520652295,5184.637934575
2015-04-15,5414.546875,5439.080025905,5449.7135091667,5389.6154745574,5187.50002442
2015-04-16,5420.73291,5437.8963410079,5448.8026367667,5394.0194112295,5190.2924878
2015-04-17,5410.644043,5436.1381282332,5447.4592123,5398.028496459,5193.150798345
2015-04-20,5400.803223,5433.8584569278,5443.6597494333,5401.0700884262,5195.79271485
2015-04-21,5460.573242,5435.5819914486,5444.1910645333,5404.4699267377,5198.869912115
2015-04-22,5437.119141,5435.6811623874,5443.3307618,5406.3262279672,5201.662597665
2015-04-23,5436.208984,5435.7152153946,5443.8855306667,5409.2145076066,5204.41951661
2015-04-24,5435.35498,5435.6919744014,5443.7362956333,5411.8080494754,5207.05492188
2015-04-27,5245.445801,5423.4180277304,5437.702295,5411.424340459,5208.83847657
2015-04-28,5242.157227,5411.723782522,5431.2651693667,5411.0872823279,5210.52013673
2015-04-29,5105.562988,5391.971473198,5420.1455079,5408.0734983771,5211.10279786
2015-04-30,5086.424805,5372.2587849271,5409.2546387667,5404.9618420656,5211.411362315
2015-05-04,5141.137207,5357.3477153835,5398.8307455333,5402.4933081967,5211.0617396517
2015-05-05,5160.308105,5344.6354824555,5389.4055176667,5399.9527168033,5211.3716816368
2015-05-06,5184.950195,5334.3332058455,5381.000586,5398.3962442623,5212.1296471791
2015-05-07,5150.48584,5322.4720854683,5371.0951823667,5395.248223,5212.7735419652
2015-05-08,5182.212891,5313.4231051801,5363.6526530667,5392.5226930984,5213.3277314677
2015-05-11,5172.481934,5304.3301263942,5357.1087240333,5390.0801982295,5213.6190337463
2015-05-12,5205.611816,5297.961203143,5350.7339844333,5387.9341781148,5214.2877385622
2015-05-13,5246.132813,5294.617436037,5344.3165528,5386.3394515574,5215.0793736517
2015-05-15,5227.096191,5290.2612266798,5334.5972656667,5383.9284868361,5215.5767524776
2015-05-18,5237.811035,5286.8773433456,5326.9620605667,5382.4910428689,5216.3443646119
2015-05-19,5269.371094,5285.7479079039,5320.7277995,5381.374159541,5217.2206885622
2015-05-20,5292.749023,5286.1995927489,5314.4850748667,5379.7725169836,5218.1863995572
2015-05-21,5313.208008,5287.9420711522,5307.4823405,5378.347992459,5219.3028485622
2015-05-22,5315.152832,5289.6976041101,5301.7679687667,5376.9033363443,5220.277513811
2015-05-25,5288.361816,5289.611424232,5294.6833659,5374.7893666885,5221.1694287463
2015-05-26,5320.900879,5291.6300987332,5289.0020670667,5372.7531858525,5222.4762637114
2015-05-27,5253.388184,5289.1628784278,5282.5347005333,5369.4514200492,5223.4036774279
2015-05-28,5237.400879,5285.8233945938,5276.4778320333,5365.9613697869,5224.317314806
2015-05-29,5216.378906,5281.3431050071,5269.8722330667,5361.6752689836,5224.8304643881
2015-06-01,5213.815918,5276.9865122969,5262.975,5357.3998063115,5225.2355434826
2015-06-03,5130.499023,5267.5357065358,5253.6368326667,5352.1939037049,5225.0476329353
2015-06-04,5095.820801,5256.4573255335,5243.4707519333,5346.3721663935,5224.7504882886
2015-06-05,5100.571777,5246.4001933701,5231.4707031,5339.5817511148,5224.5097413383
2015-06-08,5014.992188,5231.4706446365,5217.3998046667,5332.5384461803,5223.8044737313
2015-06-09,4899.881836,5210.0778182729,5199.5222330667,5323.308177541,5222.4846422239
2015-06-10,4933.557129,5192.2377738037,5182.7956380333,5315.3408203443,5221.2079762388
2015-06-11,4928.812012,5175.2425633647,5172.2411784,5306.9634429836,5219.8282537612
2015-06-12,4935.816895,5159.7957460509,5162.029834,5298.9200179836,5218.5194025124
2015-06-15,4837.793945,5139.0214363056,5153.1041992333,5289.1253122295,5216.7922278358
2015-06-16,4872.599121,5121.8328998343,5145.9766764333,5279.8375464754,5215.429279393
2015-06-17,4945.75293,5110.4729017805,5139.4638672,5272.1752850164,5214.3372687463
2015-06-18,4945.499023,5099.8294257301,5132.3035644667,5263.8415968033,5213.1483136169
2015-06-19,4985.005859,5092.421453683,5125.6387532667,5256.3324315246,5212.3928064826
2015-06-22,4959.251953,5083.8298729938,5119.2642903667,5248.4988873935,5211.3064074229
2015-06-23,4937.647949,5074.3987811232,5111.1121256333,5240.1382316557,5209.9932830995
2015-06-24,4953.516113,5066.5998993088,5103.8132649333,5232.7288438361,5208.6469216418
2015-06-25,4920.041992,5057.1445504502,5094.2942708,5225.3721583771,5207.2276192289
2015-06-26,4923.004883,5048.4903783566,5083.5233398,5217.60414,5205.7632904826
2015-06-29,4882.578125,5037.786362011,5072.0394042667,5208.4881131639,5203.9528189154
2015-06-30,4910.658203,5029.5845453007,5061.1343098667,5198.5206278853,5202.5276401194
2015-07-01,4904.062988,5021.4863803135,5048.957373,5189.2943295246,5201.3389424925
2015-07-02,4944.780762,5016.5376307449,5037.3584309667,5180.9071465082,5200.4023631841
2015-07-03,4982.910156,5014.3681162452,5026.3485025667,5172.7576283771,5199.6023592935
2015-07-06,4916.741211,5008.0696062294,5013.0681152,5162.8142049672,5198.4672511443
2015-07-07,4906.049805,5001.4876835695,5000.3243815,5153.2972512131,5197.3505689304
2015-07-08,4871.570801,4993.1059492101,4985.3467122333,5142.9803807049,5195.7753784776
2015-07-09,4838.28418,4983.1174479708,4971.5099121,5132.2745501476,5193.9352893731
2015-07-10,4859.03418,4975.1120758436,4958.8976888,5122.6290583443,5192.1017179751
2015-07-13,4893.916992,4969.8736833376,4948.1489583333,5114.0193871639,5190.4803934428
2015-07-14,4901.807129,4965.4822927352,4937.7486653667,5105.6138175574,5189.0559822935
2015-07-15,4869.849121,4959.3124106877,4929.0603353,5096.5829357705,5187.5427598309
2015-07-22,4906.688965,4955.9173496756,4922.7559407667,5088.3213771148,5186.0766407214
2015-07-23,4902.845215,4952.4933409869,4916.1650553667,5080.158131082,5184.9337662289
2015-07-24,4856.595215,4946.3063651168,4910.8851562667,5070.2568519508,5183.5137860547
2015-07-27,4771.285156,4935.014674206,4906.5986002667,5059.3415407213,5181.6914281144
2015-07-28,4714.755859,4920.8044280637,4899.3052246,5047.5144403115,5179.5712429055
2015-07-29,4721.121094,4907.9216323176,4892.382194,5035.805688082,5178.1797603781
2015-07-30,4712.492188,4895.3132810713,4884.9380371,5027.0687436066,5177.0013822537
2015-07-31,4802.528809,4889.327186099,4883.7625325667,5019.8617203607,5176.0182510348
2015-08-03,4800.182129,4883.5758920926,4881.3486328333,5014.8554767705,5174.8607451095
2015-08-04,4781.086914,4876.9636999576,4875.8597656333,5009.8499375738,5173.977998199
2015-08-05,4850.532227,4875.2584436378,4872.6942057667,5005.0859215082,5173.2648306418
2015-08-06,4806.563965,4870.8265417902,4866.7461426333,4999.2868372459,5172.4867411095
2015-08-07,4770.303223,4864.3411663843,4860.4478516333,4992.4893459016,5171.7765421045
2015-08-10,4748.949219,4856.8965246176,4854.1578939667,4985.9067783443,5170.9126972687
2015-08-11,4622.59082,4841.7800275455,4843.1270508667,4976.7326460328,5169.2194180597
2015-08-12,4479.491211,4818.4065555103,4828.4420248333,4965.3721423771,5166.870549607
2015-08-13,4584.25,4803.2996809613,4817.1501954,4955.1858830984,5164.6581326866
2015-08-14,4585.391113,4789.2410636734,4807.2439616667,4944.3540519508,5162.3937490348
2015-08-18,4510.478027,4771.25635163,4793.9046224667,4932.6062131967,5159.8123250995
2015-08-19,4484.242188,4752.7393088152,4779.9105958,4920.252625541,5156.8765984627
2015-08-20,4441.911133,4732.6858781174,4763.1482748333,4906.6877081475,5153.5850216816
2015-08-21,4335.953125,4707.090216626,4741.5830404667,4891.0025294918,5149.9177841393
2015-08-24,4163.729004,4672.0346545211,4716.4826335667,4872.1586113935,5145.6363762388
2015-08-25,4228.500977,4643.419578552,4693.8976726333,4854.3446465574,5141.7915840896
2015-08-26,4237.73291,4617.246245097,4672.7697429333,4837.1212218689,5137.6307719403
2015-08-27,4430.631836,4605.2066058004,4659.1813314667,4822.5266473935,5134.505312811
2015-08-28,4446.201172,4594.9481907165,4645.4202312,4809.2940734262,5131.3045879204
2015-08-31,4509.606934,4589.4423031864,4632.6098959333,4797.3630251476,5128.4394045622
2015-09-01,4412.458984,4578.0240245292,4616.2982911,4784.1840100328,5125.1633799005
2015-09-02,4401.292969,4566.6220209467,4600.6797527,4770.8639616885,5121.8522402886
2015-09-03,4433.11084,4558.0083963695,4584.8938152,4759.4313685246,5118.8615929403
2015-09-04,4415.342773,4548.8041626037,4568.6437338,4748.2759910164,5116.0154185373
2015-09-07,4301.365234,4532.8403607583,4550.1360677667,4735.1742444098,5112.7118266318
2015-09-08,4318.59082,4519.0178097417,4535.0462565667,4723.757828541,5109.161113398
2015-09-09,4347.276855,4507.9377481454,4522.7969564333,4714.6987304918,5105.6707454129
2015-09-10,4343.26123,4497.3134566522,4510.2016276333,4705.021748541,5102.1612591493
2015-09-11,4360.467773,4488.4847028682,4498.4674804667,4695.7046298689,5098.7332988508
2015-09-14,4390.373047,4482.1549186186,4484.7289550667,4686.7629274426,5095.4319564428
2015-09-15,4347.160156,4473.4455790948,4469.6282226333,4678.7197505738,5091.6741998159
2015-09-16,4332.513184,4464.3531665081,4454.6757649667,4669.8658827541,5087.7168867761
2015-09-17,4378.384766,4458.8068180882,4438.9375162667,4660.5647653115,5084.158771592
2015-09-18,4380.319824,4453.7431410502,4424.7293782333,4651.299532541,5080.5183482189
2015-09-21,4376.082031,4448.7327468534,4411.5886718333,4641.3171747049,5076.708984393
2015-09-22,4344.043945,4441.9786306048,4398.0918293667,4631.2317975246,5072.8537561393
2015-09-23,4244.426758,4429.2333485013,4385.4863606333,4619.8675157049,5068.4328139751
2015-09-25,4209.438965,4415.0530656948,4376.4846191,4607.6695296721,5063.776714592
2015-09-28,4120.50293,4396.0498311338,4361.0263834333,4594.5623319344,5058.6553949204
2015-09-29,4178.408203,4382.0084357703,4347.4602864333,4582.3558289836,5053.7505198806
2015-09-30,4223.908203,4371.8084207529,4337.9079589667,4571.5579614098,5049.0147747761
2015-10-01,4254.875977,4364.2643921237,4330.2624186,4560.8074331148,5044.481600806
2015-10-02,4207.798828,4354.1698395996,4322.4586751,4549.3932665574,5039.6589076318
2015-10-05,4343.701172,4353.4944416899,4322.7169433333,4539.5395027869,5035.4584450995
2015-10-06,4445.780762,4359.448397839,4332.1186686,4530.7341028853,5031.9846470995
2015-10-07,4487.131836,4367.6860390106,4340.7396972333,4523.6913262459,5028.8245467214
2015-10-08,4491.433105,4375.6697206874,4349.1963704,4516.8943311639,5025.4714416368
2015-10-09,4589.344238,4389.4551734172,4354.4867838,4512.2676661967,5022.668702403
2015-10-12,4630.707031,4405.0198093903,4360.6369791,4508.8647621148,5020.0332492985
2015-10-13,4483.076172,4410.0557037522,4359.7526203667,4502.701516082,5016.9220256319
2015-10-15,4507.194824,4416.3227437682,4362.9104817,4496.3618084098,5014.3407668856
2015-10-16,4521.881836,4423.1330077832,4366.9301106,4490.133524918,5011.7847117115
2015-10-19,4569.844238,4432.5982484423,4371.4878905333,4485.215412082,5009.0807267513
2015-10-20,4585.824219,4442.4837949299,4377.1706054,4479.9553342787,5006.300642796
2015-10-21,4605.226074,4452.9832968054,4387.2993000667,4475.0763319672,5003.710862204
2015-10-22,4584.562012,4461.4722461728,4396.1650064667,4470.6167712623,5000.9521265871
2015-10-23,4653.145996,4473.8382945487,4406.3606445,4468.6800637213,4998.3957240299
2015-10-26,4691.710938,4487.8945941262,4417.9756347667,4468.3022781312,4995.9745195075
2015-10-27,4674.058105,4499.9051432149,4428.4286458333,4467.5307537213,4993.223829597
2015-10-28,4608.740234,4506.9267619752,4435.7075520667,4465.8299020164,4990.0694574129
2015-10-29,4472.020996,4504.6747770736,4439.8695800667,4460.4117411475,4986.3481931294
2015-10-30,4455.180176,4501.4815770043,4443.9584798,4454.7559714262,4982.7965519204
2015-11-02,4464.958984,4499.1252806815,4446.8442870667,4449.5735463443,4979.1042176916
2015-11-03,4533.085938,4501.316290831,4451.9364908667,4444.3695088197,4975.7273908906
2015-11-04,4612.564941,4508.4936231,4459.8192545333,4441.1891969508,4972.7219177662
2015-11-05,4577.23291,4512.9284158032,4467.5922200333,4438.0241098525,4969.6836083383
2015-11-06,4566.551758,4516.3879862675,4478.3297200333,4435.033987541,4966.4606872985
2015-11-09,4499.506836,4515.2988797987,4487.9986490667,4433.0162173115,4963.1763035522
2015-11-10,4451.053223,4511.1539987149,4499.0169921667,4432.5500207869,4959.5063598159
2015-11-11,4451.588867,4507.3110869913,4508.1230143,4430.3752481148,4956.0397427065
2015-11-12,4462.225098,4504.402313508,4516.0669108,4428.3561331148,4952.6075652189
2015-11-13,4472.837891,4502.3658991527,4523.3323079333,4427.7390817049,4949.1585505274
2015-11-16,4442.180176,4498.4829492719,4531.1450195333,4427.0495405246,4945.3123518358
2015-11-17,4500.946777,4498.6419058995,4536.3865397,4428.0173379672,4941.5698825423
2015-11-18,4497.910156,4498.5946962285,4538.1241861667,4430.6723712623,4937.4605561244
2015-11-19,4518.939941,4499.9072926654,4539.1844563333,4436.4955013771,4933.7735711244
2015-11-20,4561.333984,4503.8703050096,4541.5144856333,4441.9517801803,4930.2123027562
2015-11-23,4541.065918,4506.2700219767,4539.9052083,4446.9244524426,4926.5914762239
2015-11-24,4545.37793,4508.7931128169,4537.0609049333,4448.8055359508,4923.0226212836
2015-11-25,4585.545898,4513.7449054094,4540.4765624667,4451.0898757213,4919.5208406319
2015-11-26,4597.057129,4519.1198875765,4543.4719726333,4452.5234854754,4916.1418420697
2015-11-27,4560.560059,4521.7934470232,4544.7612467333,4454.9513719508,4912.5042415025
2015-11-30,4446.458008,4516.9330961185,4540.6483724,4455.6917824262,4908.1817232338
2015-12-01,4557.667969,4519.5611524334,4539.7098307333,4457.7337025738,4904.5885538259
2015-12-02,4545.862793,4521.25803247,4537.7310547,4459.8733750328,4900.6251093284
2015-12-03,4537.381836,4522.298277859,4536.1583821667,4463.7424996557,4896.5898437612
2015-12-04,4508.452148,4521.4049791584,4531.3352539,4466.8549804426,4892.5449583234
2015-12-07,4521.39209,4521.4041475998,4525.6579589667,4469.7093285574,4888.4896003483
2015-12-08,4464.182129,4517.7124044643,4518.6620931,4471.6916383771,4884.1153266965
2015-12-10,4466.209961,4514.3896661763,4515.3555697931,4474.8093180333,4877.368652355
2015-12-11,4393.521973,4506.5917504875,4513.2294248621,4475.5820149833,4872.648757335
2015-12-14,4374.190918,4498.0497612948,4510.0994915517,4476.2766438833,4867.56746583
2015-12-15,4409.171875,4492.3157041145,4505.8265928276,4476.7897623667,4862.612805185
2015-12-16,4483.453125,4491.7439248168,4501.3744612414,4478.5086507167,4858.013686535
2015-12-17,4555.963867,4495.8871468931,4500.6410459655,4481.5066813167,4853.706936045
2015-12-18,4468.653809,4494.1301573516,4497.2652546207,4483.5835123833,4848.82466554
2015-12-21,4490.680176,4493.9075779096,4496.9608870345,4487.6877360167,4844.00408693
2015-12-22,4517.567871,4495.4340484315,4499.2544955862,4492.8232177833,4839.34045656
2015-12-23,4522.653809,4497.1901620166,4501.7050108276,4499.5257324333,4834.56457033
2015-12-28,4557.35498,4501.0717631768,4504.9853515862,4505.84151205,4829.978249525
2015-12-29,4569.36084,4505.4775100686,4508.3137291379,4511.599056,4825.584758315
2015-12-30,4593.007813,4511.1246263868,4513.5146821379,4517.2345866,4821.295063495
2016-01-04,4525.918945,4512.0790985554,4514.3757913793,4522.53658855,4816.350722675
2016-01-05,4557.821777,4515.0302391002,4516.4417093448,4526.1052653,4811.916662615
2016-01-06,4608.981934,4521.0916387712,4519.5466056552,4528.8252848333,4807.64693117
2016-01-07,4530.448242,4521.6952905924,4518.481580069,4529.5472249333,4803.20134279
2016-01-08,4546.288086,4523.2819225542,4518.6616548276,4530.4614746167,4798.733623065
2016-01-11,4465.48291,4519.5529540023,4515.9066541379,4528.39711915,4793.928708515
2016-01-12,4512.526855,4519.0996572925,4513.3887561035,4526.42744955,4789.31498781
2016-01-13,4537.179199,4520.2660793381,4511.3239998966,4527.3291666667,4784.805119645
2016-01-14,4513.181152,4519.8089872518,4509.6902444828,4527.4289388,4780.30527101
2016-01-15,4523.976074,4520.0778315581,4512.3632812414,4527.4638427667,4775.65588136
2016-01-18,4481.275879,4517.5744797802,4509.7290712414,4525.98770345,4770.84693605
2016-01-19,4491.736816,4515.9075337298,4507.8626582414,4524.4195800667,4766.120129405
2016-01-20,4427.984863,4510.2351033602,4504.0903488276,4521.4655598833,4761.021813975
2016-01-21,4414.125977,4504.0345145627,4500.8377222414,4518.6249593,4756.06500001
2016-01-22,4456.744141,4500.98352272,4498.6084826207,4515.35159505,4751.50472169
2016-01-25,4505.788086,4501.2934945445,4500.0431707931,4512.25288085,4747.0493921
2016-01-26,4510.467773,4501.8853834771,4500.3906575333,4509.5263753167,4742.408452155
2016-01-27,4583.62793,4507.159096156,4504.3045898333,4509.1078369167,4737.73321778
2016-01-28,4602.829102,4513.3313545976,4511.2814941333,4511.2879720167,4733.41302735
2016-01-29,4615.163086,4519.9011437203,4519.3138997333,4513.95435385,4729.20684815
2016-02-01,4624.634766,4526.6581516093,4526.4959961,4516.6156168833,4724.92986817
2016-02-02,4587.435059,4530.5792424087,4529.9620605667,4517.5214355667,4720.25059327
2016-02-03,4596.10791,4534.8068983823,4531.3001953333,4517.2471517167,4715.7982129
2016-02-04,4665.816895,4543.2591562286,4537.8722982,4518.7235514667,4711.622797865
2016-02-05,4798.945801,4559.7550687945,4548.1478190333,4522.5967855167,4708.16082765
2016-02-09,4768.625,4573.2305482271,4556.51639,4527.08208825,4704.76690675
2016-02-10,4732.48291,4583.504894148,4563.5106933667,4531.7725830333,4701.33378663
2016-02-11,4775.859863,4595.9148921384,4570.7941894667,4537.1770996333,4698.14035157
2016-02-12,4714.393066,4603.5586452908,4575.628597,4541.3798991,4694.60865235
2016-02-15,4740.726074,4612.4081568204,4580.5525390333,4545.84470215,4691.259062505
2016-02-16,4745.003906,4620.9627212836,4587.8553710667,4550.8917643167,4687.98006592
2016-02-17,4765.506836,4630.2881480395,4594.7782063667,4555.3010986333,4684.50473389
2016-02-18,4778.793945,4639.8691671983,4600.4386067333,4559.9824951167,4681.21310791
2016-02-19,4697.560059,4643.5911602177,4606.0090006333,4562.9594970833,4677.519863285
2016-02-22,4708.620117,4647.7865767843,4611.4200683333,4565.4142659667,4673.88618897
2016-02-23,4654.054199,4648.1909395079,4617.7057779667,4567.2974039833,4670.92923096
2016-02-24,4657.722168,4648.8058574751,4622.5456217333,4569.16980795,4668.007055665
2016-02-25,4658.323242,4649.4198822832,4626.5837565,4570.3827636833,4665.770856935
2016-02-26,4733.148926,4654.8217560714,4633.9160156333,4572.6509603,4664.00447754
2016-02-29,4770.956055,4662.3142914861,4642.1486816667,4576.1575602333,4662.15357178
2016-03-01,4779.984863,4669.9059412612,4652.1056478,4581.71634115,4660.25195557
2016-03-02,4836.195801,4680.6343193089,4663.5876139667,4586.3584716833,4658.5081836
2016-03-03,4844.039063,4691.1765608373,4677.4560873,4591.3280761833,4656.975949715
2016-03-04,4850.882813,4701.4801900091,4692.0146485,4596.5530924667,4655.319299325
2016-03-07,4831.575195,4709.8734161376,4704.5090169667,4601.9384765833,4653.61476563
2016-03-08,4811.041992,4716.4004210319,4714.6841471667,4606.76597495,4651.64191651
2016-03-10,4793.203125,4721.3554341912,4724.1086589,4612.2496582167,4649.37726807
2016-03-11,4813.778809,4727.3182325659,4731.7803548667,4615.5534147869,4647.31068116
2016-03-14,4877.530762,4737.0093634972,4740.9370768667,4622.2963787377,4645.509279795
2016-03-15,4849.780762,4744.2849375941,4748.7576660667,4629.7760310164,4643.411328135
2016-03-16,4861.440918,4751.8433879429,4756.6512044667,4637.7637359344,4641.25478761
2016-03-17,4885.687988,4760.4785234304,4766.5929687667,4645.5754754918,4639.11718751
2016-03-18,4885.708008,4768.5578450156,4776.2463053667,4652.1698178361,4636.96996339
2016-03-21,4885.163086,4776.0807637888,4783.5578450667,4657.5665263443,4634.95396974
2016-03-22,4856.106934,4781.2437425121,4785.4632161667,4663.918216918,4632.630000015
2016-03-23,4854.175781,4785.9490353177,4788.3149088667,4669.8771612623,4630.633938
2016-03-24,4827.086914,4788.6030920069,4791.4683756667,4674.9512439344,4628.582368175
2016-03-28,4773.625977,4787.6368265226,4791.3939128,4679.0655417705,4626.36860353
2016-03-29,4781.296875,4787.2277973921,4793.6240397667,4682.7367203771,4624.206008315
2016-03-30,4816.654785,4789.1263127217,4796.1549968,4686.7907194754,4622.636787125
2016-03-31,4845.371094,4792.755008288,4799.5005697333,4690.9278224426,4621.38453859
2016-04-01,4843.186035,4796.0086229146,4802.0898763667,4696.1289222787,4620.09760988
2016-04-04,4850.175781,4799.5032782749,4804.4692709,4700.9216108689,4619.273527845
2016-04-05,4858.071777,4803.2818910959,4809.8196615,4705.005050918,4619.06447755
2016-04-06,4868.22998,4807.47209038,4815.1399902667,4710.542456459,4618.737841805
2016-04-07,4867.285156,4811.3309978394,4822.2476888333,4715.8047035082,4618.430207525
2016-04-08,4846.704102,4813.6131335917,4828.5470866333,4722.0542312459,4617.98464356
2016-04-11,4786.974121,4811.894487618,4832.8354492667,4726.5533667541,4617.73054444
2016-04-12,4829.573242,4813.0350524169,4836.0495931333,4731.3467117213,4617.515415045
2016-04-13,4853.004883,4815.6137511642,4838.7845540667,4736.9175925574,4617.05167481
2016-04-14,4814.846191,4815.5642311536,4839.9465983333,4741.6859551312,4616.39841065
2016-04-15,4823.567871,4816.0805950146,4839.5256673333,4747.2972992623,4615.59122071
2016-04-18,4865.53418,4819.2711488847,4840.2421712333,4753.4251249016,4615.122631845
2016-04-19,4881.930176,4823.3136667631,4841.2770833333,4760.8668513443,4614.84404298
2016-04-20,4876.596191,4826.7512489719,4842.7777832,4768.4483302623,4614.45944337
2016-04-21,4903.089844,4831.6763196189,4845.8460449333,4775.7654729344,4614.37468263
2016-04-22,4914.736816,4837.0350613209,4849.8971679667,4782.4695504754,4614.333342295
2016-04-25,4878.861816,4839.7335616228,4852.0666015333,4788.508797082,4614.31476075
2016-04-26,4814.092773,4838.0793171955,4849.9520019,4792.2869092623,4613.8319336
2016-04-27,4845.658203,4838.56827757,4849.8145832667,4796.2677141967,4613.539909675
2016-04-28,4848.390137,4839.2019459203,4849.3795572333,4800.0911084754,4613.05795655
2016-04-29,4838.583008,4839.1620144416,4847.8093912333,4803.5984567049,4612.33632081
2016-05-02,4808.318848,4837.1721327357,4845.2297525667,4807.2195024262,4611.794208995
2016-05-03,4812.26416,4835.5651667527,4842.7997883667,4810.7630475082,4611.32528077
2016-05-04,4822.595215,4834.7283956719,4841.6827310667,4813.3331839016,4611.08040284
2016-05-09,4749.314941,4829.2178502092,4838.1873697333,4812.5195632459,4610.635556645
2016-05-10,4763.115234,4824.9531652925,4836.0549804,4812.4292392131,4610.155961915
2016-05-11,4799.963867,4823.3409524994,4836.9329100667,4813.5354844098,4609.68619629
2016-05-12,4803.321777,4822.0493927898,4837.6670734667,4813.9856797213,4609.19376953
2016-05-13,4761.714844,4818.156841255,4835.8357421,4814.7614465738,4608.653098145
2016-05-16,4731.562012,4812.5700780772,4832.0421060333,4814.6112160492,4607.77746338
2016-05-17,4729.155762,4807.188509298,4828.2410969333,4814.3514104098,4606.909016115
2016-05-18,4734.356934,4802.4896979885,4824.3804687,4813.8407562787,4606.29782471
2016-05-19,4704.216797,4796.1495108279,4819.2519693667,4812.618180082,4605.962482915
2016-05-20,4711.87793,4790.7126346455,4814.0402343667,4812.8528992787,4605.94809327
2016-05-23,4743.662109,4787.6771168619,4809.9194661333,4813.4273581639,4606.060798345
2016-05-24,4710.785156,4782.7163451934,4805.3888346,4814.3573738525,4606.052263185
2016-05-25,4772.977051,4782.0880036325,4804.9222656,4816.2467981639,4605.904504395
2016-05-26,4784.564941,4782.2478060433,4803.4219889,4818.3163342131,4605.826418455
2016-05-27,4814.730957,4784.3434932018,4802.1461913667,4819.6537445574,4605.99463867
2016-05-30,4836.033203,4787.6783131888,4802.8524251,4820.7205830492,4605.92214355
2016-05-31,4796.869141,4788.2712698218,4801.9624674333,4820.9973744918,4605.87366943
2016-06-01,4839.667969,4791.5871858978,4801.1002604,4821.0542952787,4606.22049316
2016-06-02,4833.225098,4794.2735028076,4799.4767578,4820.8770171639,4606.641872555
2016-06-03,4853.921875,4798.1217848846,4798.7209472667,4820.9268378525,4607.79852783
2016-06-06,4896.024902,4804.438115021,4798.4854492,4821.9833904262,4609.881196285
2016-06-07,4933.98877,4812.7962217939,4799.127181,4823.9989113771,4611.629890135
2016-06-08,4916.061035,4819.4584678072,4800.3671549667,4826.0129754754,4613.283239745
2016-06-09,4876.793945,4823.1575308519,4802.4571940333,4827.0460104918,4615.114819335
2016-06-10,4848.056152,4824.7638935066,4802.5371256667,4826.5628201639,4616.933889155
2016-06-13,4807.226074,4823.6324212804,4801.1649902333,4825.8652023279,4618.76046386
2016-06-14,4821.589844,4823.500642101,4800.5985514333,4825.2119060328,4621.188647455
2016-06-15,4814.824219,4822.9408728687,4800.8153971333,4824.0502049016,4624.44412353
2016-06-16,4814.391113,4822.3892754578,4800.8862955667,4822.8810754754,4627.37357421
2016-06-17,4835.143066,4823.2121006541,4801.3045572667,4822.0610751475,4630.36062499
2016-06-20,4863.530762,4825.8133046119,4805.1117513,4822.1827772459,4632.52511962
2016-06-21,4878.713867,4829.2262441208,4808.9650390667,4822.5850409508,4634.687683095
2016-06-22,4896.852051,4833.5891994033,4812.1946452,4823.7287317213,4636.62390868
2016-06-23,4874.309082,4836.2162886031,4814.5608887,4825.3792744262,4638.93315917
2016-06-24,4834.568848,4836.1100021126,4816.9893555,4826.252585459,4641.099538565
2016-06-27,4836.051758,4836.1062444279,4820.4723470333,4826.570568623,4643.114243155
2016-06-28,4882.170898,4839.0781575616,4825.5728515667,4827.1738440984,4645.44838378
2016-06-30,5016.646973,4850.5342101705,4839.4916823793,4829.6814941167,4650.6852646985
2016-07-01,4971.581055,4858.3436840305,4848.4469625517,4831.5733154167,4653.8224717337
2016-07-11,5069.019043,4871.9356426737,4859.6661671724,4834.9197998,4657.4694959196
2016-07-12,5099.533203,4886.6193562431,4873.0712722414,4838.7906005833,4661.1833925528
2016-07-13,5133.933105,4902.5750819694,4885.5180327241,4843.5777506333,4664.9198752563
2016-07-14,5083.539063,4914.2501775197,4895.8274852069,4848.5204996667,4668.6202717739
2016-07-15,5110.178223,4926.890696583,4906.0153219655,4853.19724935,4672.5281362915
2016-07-18,5127.500977,4939.8332953196,4916.0659348621,4857.77218425,4676.2925393618
2016-07-19,5172.830078,4954.8653458151,4929.0301051035,4863.7385823667,4680.2750029498
2016-07-20,5242.823242,4973.4432746012,4942.932011069,4870.7261718833,4684.6304864221
2016-07-21,5216.973145,4989.154879143,4956.1647023448,4876.5834879667,4689.0170653166
2016-07-22,5197.250977,5002.5804338435,4968.0036368966,4881.83883465,4693.8051267186
2016-07-25,5220.801758,5016.6592289504,4979.2028388276,4887.5755941,4698.8873518091
2016-07-26,5224.39502,5030.0615380503,4989.2168474483,4892.9306803667,4704.4345482412
2016-07-27,5274.36084,5045.8227833374,5001.5720131379,4898.9244141,4709.9418479246
2016-07-28,5299.212891,5062.1705322189,5016.1381836897,4905.93026535,4715.3453890704
2016-07-29,5215.994141,5072.0946360112,5028.8257005517,4912.6286214833,4720.1751285879
2016-08-01,5361.576172,5090.7708641395,5047.9412211724,4921.2272543,4725.9730046884
2016-08-02,5373.323242,5109.0000498079,5066.9665107586,4929.9761393833,4731.1469849397
2016-08-03,5351.87793,5124.6695904655,5085.4856042414,4938.53105475,4735.7002370402
2016-08-04,5373.862793,5140.7465712742,5104.7777311379,4947.9567871667,4740.1561714975
2016-08-05,5420.246094,5158.7787985468,5124.9536976207,4958.0898194,4744.8235734523
2016-08-08,5458.979004,5178.1465537373,5145.4863956207,4968.6962158833,4749.193597402
2016-08-09,5440.292969,5195.0592256898,5164.8511922414,4980.21251635,4753.2618684472
2016-08-10,5423.949219,5209.8263220324,5183.0269566552,4991.2264161,4757.9898737085
2016-08-11,5419.087891,5223.3270684174,5201.8124328276,5001.5451498333,4762.5722509297
2016-08-12,5377.195801,5233.2540834227,5220.523707069,5011.1097169,4766.8703110553
2016-08-15,5320.561035,5238.8867899761,5237.2309235172,5020.4238200833,4770.6427572714
2016-08-16,5371.846191,5247.4648158486,5254.1162784483,5031.0952230667,4774.5926164271
2016-08-18,5461.450195,5261.2703241809,5261.027409,5043.3001302833,4778.895250201
2016-08-19,5416.035156,5271.2551520402,5274.3403484333,5054.6614339833,4783.073507206
2016-08-22,5427.174805,5281.3144844893,5289.5268067667,5066.7107341167,4786.9630992111
2016-08-23,5417.140137,5290.0774298125,5301.1308432333,5078.4651042333,4790.6084720704
2016-08-24,5403.992188,5297.4267690504,5311.2794760667,5089.47060555,4794.2764825377
2016-08-25,5454.116211,5307.5357653052,5321.9522462667,5101.8594564667,4798.5246030251
2016-08-26,5438.831055,5316.0064291565,5333.7953126667,5112.9570232,4803.3829450302
2016-08-29,5370.76416,5319.5391859851,5342.4815105667,5122.7270101833,4807.9838695729
2016-08-30,5362.315918,5322.2989751474,5350.3086752667,5131.8534262,4812.4932008995
2016-08-31,5386.082031,5326.4140110088,5357.4170737,5141.0209066667,4816.7796134271
2016-09-01,5334.546875,5326.9387119115,5360.4745281333,5149.9822022333,4820.4076633467
2016-09-02,5353.460938,5328.649823272,5365.0241212333,5158.5454183833,4824.3083067035
2016-09-05,5356.954102,5330.4759057706,5370.3475587333,5167.2742351167,4828.2801777789
2016-09-06,5372.096191,5333.1610854628,5375.3907065,5175.9104737167,4832.6650489096
2016-09-07,5381.354004,5336.2703060136,5380.6226726333,5183.9992920833,4837.339927206
2016-09-08,5371.078125,5338.5159717547,5383.8465821333,5191.2841146667,4841.9604762412
2016-09-09,5281.916992,5334.8644246737,5383.2700521667,5197.38171395,4846.0795309849
2016-09-13,5215.566895,5327.1678098561,5383.2558106333,5203.0279297833,4849.8118375377
2016-09-14,5146.038086,5315.4820212202,5376.0712077667,5207.99429535,4853.3488119598
2016-09-15,5265.818848,5312.2779455286,5372.4877279667,5215.63750825,4857.192390206
2016-09-16,5267.769043,5309.40640343,5369.6840984,5223.0738282333,4861.0610278292
2016-09-19,5321.84082,5310.2086238538,5367.9500326333,5231.5241049167,4865.0957056131
2016-09-20,5302.493164,5309.7108522504,5364.0249349667,5239.6591391,4868.820123603
2016-09-21,5342.591797,5311.8322035245,5360.1453614,5248.11661795,4872.8478918392
2016-09-22,5380.262207,5316.2470424584,5358.144336,5256.7288087,4877.0432902161
2016-09-23,5388.908203,5320.9348592676,5356.9763021333,5265.2320476333,4881.0802867236
2016-09-26,5352.13916,5322.94803996,5354.7446777667,5272.8201661167,4884.874668789
2016-09-27,5419.604004,5329.1839086077,5356.1582845333,5281.9084148167,4889.1914725327
2016-09-28,5425.336914,5335.3873283105,5359.6508138333,5291.75454925,4894.1104620101
2016-09-29,5431.957031,5341.6176317098,5361.6545085,5301.6863038,4898.5038743819
2016-09-30,5364.804199,5343.1135392769,5358.4329753,5309.73019215,4902.6191578292
2016-10-03,5463.915039,5350.9071844203,5360.0289714,5312.2578125902,4907.2751035729
2016-10-04,5472.316895,5358.7400689738,5361.5337077333,5319.7278113115,4912.1186450151
2016-10-05,5420.647949,5362.7341257497,5361.6506348,5327.0895636721,4916.6375186784
2016-10-06,5409.344238,5365.7412297659,5361.8290364667,5332.6686652295,4921.3870770151
2016-10-07,5377.148926,5366.4772101681,5359.2634603,5337.2197426557,4923.66588626
2016-10-10,5360.828125,5366.1127530605,5356.6633626333,5340.9393331475,4928.13897708
2016-10-11,5381.99707,5367.1375477017,5357.0377929667,5345.8320873607,4933.081352565
2016-10-12,5364.61084,5366.9745343016,5357.1142903667,5350.0031138689,4938.033452175
2016-10-13,5340.399902,5365.2600418951,5355.5915527333,5353.4932601803,4942.68959231
2016-10-14,5399.884766,5367.4938950631,5357.7694824333,5357.2154681803,4947.271750515
2016-10-17,5410.303223,5370.2557871881,5359.6642252667,5359.9610416394,4951.543447295
2016-10-18,5430.047852,5374.1133397566,5362.1006836,5363.454069623,4956.35041751
2016-10-19,5409.288086,5376.3826782239,5363.3404134333,5366.9300878033,4960.94345706
2016-10-20,5403.689941,5378.1444371127,5364.0849446667,5369.9282547377,4965.37406741
2016-10-21,5409.243164,5380.1508065893,5365.3571126333,5372.9585521803,4969.807014185
2016-10-24,5420.998047,5382.7861124222,5369.9931478,5375.3624408197,4974.12522952
2016-10-25,5397.820801,5383.7560923305,5376.068278,5376.9789639344,4978.267529325
2016-10-26,5399.679199,5384.783389535,5384.5229817667,5379.9901943935,4982.300886255
2016-10-27,5416.835938,5386.8512958876,5389.5568847667,5380.8960921967,4986.75547122
2016-10-28,5410.269043,5388.3621182819,5394.3068847667,5381.5017610656,4991.01770755
2016-10-31,5422.541992,5390.567271425,5397.6635905,5382.6601883115,4995.08550784
2016-11-01,5416.006836,5392.2085336557,5401.4473795667,5383.3510742623,4999.51330081
2016-11-02,5405.455078,5393.0631494198,5403.5428222667,5383.1085985902,5003.80913577
2016-11-03,5329.501953,5388.9624270701,5401.8508138,5380.9860239836,5008.129230985
2016-11-04,5362.660156,5387.2655063559,5400.9758789,5379.713354918,5012.37989749
2016-11-07,5386.208008,5387.1972806556,5402.1115071667,5379.094646541,5016.625041535
2016-11-08,5470.681152,5392.5833368713,5403.8140787667,5379.9404377049,5021.412541535
2016-11-09,5414.320801,5393.9857539119,5403.446875,5380.5490442623,5025.86426517
2016-11-10,5450.306152,5397.6193279821,5404.0585123667,5382.6760133935,5030.709416535
2016-11-11,5231.971191,5386.9323514026,5399.6307454333,5380.3829806066,5034.41058841
2016-11-14,5115.73877,5369.4359913121,5388.0248698,5374.7155801967,5037.849357945
2016-11-15,5078.500977,5350.6659903887,5374.8976725333,5369.182233,5041.171232945
2016-11-16,5185.464844,5340.0078519121,5367.0582357,5365.219774623,5044.81483646
2016-11-17,5193.015137,5330.52445095,5359.8472656667,5361.5455942951,5048.250971715
2016-11-18,5170.108887,5320.1750597274,5352.9459310333,5357.7114418197,5051.549177285
2016-11-21,5148.318848,5309.0875621966,5345.8622884667,5352.6983702951,5054.372631875
2016-11-22,5204.673828,5302.3511922484,5339.9515137333,5348.8597272295,5057.381855505
2016-11-23,5211.996094,5296.5218310711,5334.8643555333,5346.2569720492,5060.366020545
2016-11-24,5107.623047,5284.334812744,5327.1051270333,5342.081679082,5062.78096195
2016-11-25,5122.104004,5273.868308954,5317.8457683,5337.7541704426,5065.454306675
2016-11-28,5114.571777,5263.5911133441,5307.9880534333,5334.1480212951,5068.04662601
2016-11-29,5136.666992,5255.4024603541,5298.2086914333,5330.5940221803,5070.400876495
2016-11-30,5148.910156,5248.5319891055,5289.5294271,5327.1834656885,5072.15069827
2016-12-01,5198.754883,5245.3205629051,5282.6982585,5324.3418049016,5074.301347685
2016-12-02,5245.956055,5245.3615623951,5277.2553548667,5322.1221663935,5076.86871341
2016-12-05,5268.308105,5246.8419844987,5272.1656901333,5320.4374119672,5079.33095462
2016-12-06,5272.964844,5248.527330273,5268.0038249,5320.2906554426,5082.12381351
2016-12-07,5265.368164,5249.6138356747,5263.5267904,5321.1070696885,5084.74702396
2016-12-08,5303.733887,5253.1054518892,5259.7567220333,5323.6922467541,5087.540673865
2016-12-09,5308.125977,5256.6551631867,5256.3519531667,5324.3858062459,5090.25376957
2016-12-13,5293.619141,5259.0399359489,5252.0545248,5324.8095783443,5092.82789555
2016-12-14,5262.816895,5259.2836107263,5246.9481934333,5323.8419730164,5095.65417973
2016-12-15,5254.361816,5258.9660755827,5241.9117513667,5323.0529345246,5098.382888225
2016-12-16,5231.651855,5257.2038678032,5238.6500814333,5321.2342469508,5101.270876505
2016-12-19,5191.912109,5252.9914962675,5232.9584798667,5318.1465404262,5103.94182621
2016-12-20,5162.477051,5247.1518546373,5225.5007813,5314.4345543279,5106.462595255
2016-12-21,5111.39209,5238.3931601446,5213.5244792333,5310.4878810492,5108.353811075
2016-12-22,5042.870117,5225.7787702643,5201.1427897667,5304.3119156885,5109.713381385
2016-12-23,5027.704102,5212.9997594085,5187.0560547667,5297.793345,5110.95197758
2016-12-27,5102.954102,5205.9000395757,5182.7554851333,5292.3998543607,5112.285769085
2016-12-28,5209.444824,5206.128735345,5185.8790202667,5289.8529793607,5114.11279789
2016-12-29,5302.565918,5212.3504890647,5193.3478516333,5287.2079118033,5116.371213415
2016-12-30,5296.710938,5217.7930986734,5197.0560547667,5284.329125623,5118.69689213
2017-01-03,5275.971191,5221.5465239848,5200.8458210345,5279.8342611167,5122.6688668342
2017-01-04,5301.183105,5226.6843679213,5206.1170023104,5278.5681641,5125.1181346533
2017-01-05,5325.503906,5233.0598219909,5210.2835567241,5277.9794271167,5127.3692559799
2017-01-06,5347.021973,5240.4122188302,5214.9396215172,5277.3965088333,5129.8679555327
2017-01-09,5316.36377,5245.3123189057,5222.1375774828,5276.592391,5132.1540000151
2017-01-10,5309.923828,5249.4808033634,5228.6141231379,5276.0844564333,5134.285838407
2017-01-11,5301.236816,5252.8199009528,5235.0508486207,5274.4403239333,5136.3739228694
2017-01-12,5292.75,5255.3960363752,5240.4330213104,5272.48110355,5138.4220983166
2017-01-13,5272.98291,5256.5306733833,5244.7113921379,5269.8633545167,5140.5169524673
2017-01-16,5270.01123,5257.4003867134,5247.1685075517,5267.5420735833,5142.6065778392
2017-01-17,5266.937988,5258.0157158287,5247.8920224828,5265.2628743667,5144.8168847437
2017-01-18,5294.78418,5260.3878748074,5248.8049905862,5263.3552246333,5147.4357701859
2017-01-19,5298.948242,5262.8756404328,5249.7009698276,5261.3210612167,5150.0370333367
2017-01-20,5254.311035,5262.3230852436,5249.3196895173,5258.9292317833,5152.2363109749
2017-01-23,5250.967773,5261.5904844537,5247.5001683448,5256.4507080167,5154.2744852412
2017-01-24,5292.087891,5263.5580590696,5246.9471308966,5254.3715739,5156.5302734623
2017-01-25,5293.782227,5265.5080053876,5246.9527545517,5252.4301269667,5158.7594515829
2017-01-26,5317.632813,5268.8708962013,5248.8429586207,5250.68164065,5161.0688035226
2017-01-27,5312.839844,5271.7076025109,5250.8594423448,5248.9621907833,5163.3030239447
2017-01-30,5302.662109,5273.7046674457,5253.3080717931,5247.2489746333,5165.4908478292
2017-01-31,5294.103027,5275.0206906428,5256.8318965517,5246.6589925333,5167.7390836332
2017-02-01,5327.161133,5278.3845901497,5262.510658,5246.06734215,5170.4535912312
2017-02-02,5353.712891,5283.2444805271,5270.8665476897,5245.5257568667,5173.0874588141
2017-02-03,5360.76709,5288.2459392028,5281.8285122759,5243.6938558333,5175.6390276935
2017-02-06,5395.995117,5295.1974990607,5294.5282024483,5243.3884277667,5178.5593740553
2017-02-07,5381.475098,5300.7637957664,5304.1323747241,5242.2412435333,5181.3629279598
2017-02-08,5361.087891,5304.6556728783,5309.361446,5244.3931885333,5183.8531476131
2017-02-09,5372.077148,5309.0054454668,5311.7583849655,5248.6654948333,5186.3161977236
2017-02-10,5371.668945,5313.0482518883,5314.3431438276,5253.5516276333,5188.8040005075
2017-02-13,5409.556152,5319.2745680245,5317.5169107667,5257.2864827667,5191.3490573317
2017-02-14,5380.669922,5323.2355586036,5321.0068684667,5260.4140625167,5193.6904297236
2017-02-16,5377.998047,5326.7686223711,5323.5005893104,5265.8375264915,5198.1284796616
2017-02-17,5350.932129,5328.3275582826,5323.6354222759,5268.3164807458,5200.6803681768
2017-02-20,5359.288086,5330.3250116838,5325.1155711035,5270.8129551864,5203.2606608485
2017-02-21,5340.990234,5331.0130905429,5326.1868264828,5274.7683312373,5205.7980710808
2017-02-22,5358.683105,5332.7982527659,5328.167733,5278.7781465085,5208.5776885404
2017-02-23,5372.748047,5335.3756588455,5330.9262863448,5283.1540154915,5211.4084152424
2017-02-24,5385.905762,5338.6356655007,5334.8201777931,5287.3784014237,5214.2534180051
2017-02-27,5382.874023,5341.4897530813,5338.7119982414,5291.3438906949,5217.4532113485
2017-02-28,5386.691895,5344.4060203018,5342.8414433104,5294.5292637797,5220.6025884242
2017-03-01,5363.056152,5345.6092546049,5345.1956492414,5296.5140111865,5223.4464888535
2017-03-02,5408.253906,5349.6508450175,5348.964810069,5298.8859739153,5226.5017016263
2017-03-03,5391.214844,5352.332393339,5353.685631069,5300.8902112034,5229.6809945556
2017-03-06,5409.816895,5356.0410708655,5359.163187,5303.3384947797,5233.1065242677
2017-03-07,5402.615234,5359.0458555838,5362.9744746897,5305.0144498136,5236.5078347323
2017-03-08,5393.76416,5361.2857461913,5366.4221275517,5306.4659444407,5239.8381742576
2017-03-09,5402.38623,5363.937390308,5369.3446591724,5308.3094544237,5243.3642825051
2017-03-10,5390.676758,5365.6625108043,5372.0286906897,5310.4765707458,5246.7925594141
2017-03-13,5409.37207,5368.4824823653,5375.7083445172,5313.1038631865,5250.1547309344
2017-03-14,5431.584961,5372.5536100192,5380.4491008621,5316.4925598983,5253.7951339899
2017-03-15,5432.380859,5376.413432534,5384.0773672759,5320.5683014237,5257.1254562525
2017-03-16,5518.241211,5385.5636117899,5389.7507576207,5326.5982024407,5260.8308919596
2017-03-17,5540.432129,5395.5551290293,5395.9461037931,5333.8700675085,5264.4960493939
2017-03-20,5533.992188,5404.4865521887,5400.7046234828,5342.1941704068,5268.0210947727
2017-03-21,5543.092773,5413.4288890152,5406.2776467586,5350.9295716102,5271.789900995
2017-03-22,5534.092773,5421.2136557239,5412.2433323448,5358.2370067119,5275.2970969748
2017-03-23,5563.758789,5430.4101159353,5418.8530441035,5364.2423281526,5278.9866610707
2017-03-24,5567.133789,5439.2309980685,5425.5932111379,5368.7265293559,5282.5887414445
2017-03-27,5541.202148,5445.809781935,5430.1327282414,5372.8704481695,5285.8472123838
2017-03-29,5592.509766,5455.274297036,5437.4375504483,5376.5311034667,5289.173076
2017-03-30,5592.952148,5464.1567390337,5442.6213703667,5381.8141194167,5292.5917179849
2017-03-31,5568.105957,5470.8631401928,5448.9583007,5386.2628336167,5296.0831927929
2017-04-03,5606.789063,5479.6325545675,5457.4868651667,5390.9509195667,5299.9151771919
2017-04-04,5651.823242,5490.741631176,5467.2380370333,5396.0309407167,5304.1808194546
2017-04-05,5676.97998,5502.7570085195,5478.4376952333,5402.0412108833,5308.5009716566
2017-04-06,5680.23877,5514.207444744,5489.1562174,5408.2131265833,5312.8717522172
2017-04-07,5653.48584,5523.1931476638,5498.5141438333,5414.08394365,5317.1096043737
2017-04-10,5644.298828,5531.0064173629,5507.1272460333,5419.9430907833,5321.1962496364
2017-04-11,5627.933105,5537.2597520492,5515.2958821,5425.8589273667,5325.0568675303
2017-04-12,5644.154785,5544.1562057879,5523.8779784333,5432.0946532833,5328.9227307525
2017-04-13,5616.544922,5548.8264455435,5532.3276041,5437.9214355167,5332.5575432323
2017-04-17,5577.486816,5550.675501702,5537.9687011,5442.6331461167,5336.1089459293
2017-04-18,5606.51709,5554.278184818,5545.1454426333,5447.7592935833,5340.0076744242
2017-04-20,5595.306152,5556.9251504427,5556.4564586897,5456.874321339,5346.1858021929
2017-04-21,5664.475098,5563.8638567367,5565.7913186207,5463.1859689153,5347.7933238889
2017-04-25,5680.795898,5571.4078593988,5575.391652,5469.745522661,5351.1476113889
2017-04-26,5726.529785,5581.4157255667,5586.9727908621,5476.6759798136,5354.9604837626
2017-04-27,5707.027832,5589.5197324333,5597.2367826552,5483.3571321526,5358.1827503737
2017-04-28,5685.297852,5595.6989659538,5605.9855030345,5489.8424837288,5361.1411576919
2017-05-02,5675.808105,5600.8672975051,5614.379546,5496.312061322,5363.8779001162
2017-05-03,5647.368164,5603.867353408,5618.8321995517,5501.7392991356,5366.7255218384
2017-05-04,5669.442871,5608.0980319623,5623.2808458276,5507.0906547288,5369.5500907677
2017-05-05,5683.376953,5612.9547365454,5628.4320446207,5512.5586185085,5372.3575451919
2017-05-08,5707.861816,5619.0777739296,5634.1137357586,5517.8444947627,5375.0597256869
2017-05-09,5697.056152,5624.1086370309,5639.7331626207,5523.1933261865,5377.3538312929
2017-05-10,5653.007813,5625.9730999967,5642.8107151724,5528.1411214746,5379.5560265859
2017-05-12,5675.21582,5629.1500496743,5646.5376817586,5533.2790650678,5381.9699904394
2017-05-15,5688.870117,5633.0029572437,5651.6296806897,5538.6553561187,5384.3339720505
2017-05-16,5646.999023,5633.905929228,5653.5086205862,5542.6798115593,5386.468335702
2017-05-17,5615.492188,5632.7179459229,5654.2858633448,5546.6598499661,5388.191221298
2017-05-18,5645.451172,5633.5394443795,5656.9529397241,5548.306372,5389.9398994849
2017-05-19,5791.883789,5643.7552085486,5663.3355164828,5555.2044677,5392.8484330606
2017-05-22,5749.444824,5650.5738934164,5666.701777931,5561.84634595,5394.8073656465
2017-05-23,5730.612793,5655.7376933896,5668.5511852759,5568.0350910667,5396.6118583283
2017-05-24,5703.433105,5658.8148167193,5669.350989931,5574.0758055833,5398.3873895152
2017-05-26,5716.814941,5662.5567602212,5671.5347520345,5580.0446695167,5400.1194710707
2017-05-29,5712.331055,5665.7680050457,5673.8806908966,5585.7043863167,5401.5946476414
2017-05-30,5693.391113,5667.5501410427,5676.1378635862,5590.8291421667,5402.7785471818
2017-05-31,5738.154785,5672.1052793626,5679.3792428966,5596.7504882,5404.2828997879
2017-06-02,5742.445801,5676.6433775327,5687.5147181072,5606.7411363729,5405.824481467
2017-06-05,5748.234863,5681.2621830467,5692.5760671429,5612.5035254746,5407.7079284822
2017-06-06,5707.831055,5682.9763038179,5693.1021012069,5617.8699019322,5409.6737661472
2017-06-07,5717.325195,5685.1923613135,5697.3096544138,5623.081907017,5411.4274666751
2017-06-08,5702.921875,5686.3362009062,5698.6354053448,5628.1718500848,5412.6532112437
2017-06-09,5675.522949,5685.638571751,5698.4535795172,5632.9474227797,5413.9704081624
2017-06-12,5691.436035,5686.012601638,5697.2434502069,5637.846572017,5415.3118357259
2017-06-13,5707.64502,5687.4082415323,5697.2647325517,5643.2189154407,5416.786479802
2017-06-14,5792.896973,5694.2139661431,5700.975047069,5649.7193375254,5418.7606157665
2017-06-15,5776.283203,5699.5087556178,5704.4397056207,5655.5616806102,5420.3959812081
2017-06-16,5723.63623,5701.0653668682,5707.069638931,5660.498212322,5421.8416927564
2017-06-19,5741.90918,5703.7004515864,5709.5684771724,5664.2891948475,5423.7256776295
2017-06-20,5791.903809,5709.3909907744,5713.3107825517,5668.5514267119,5425.9063268223
2017-06-21,5818.551758,5716.433620918,5717.1276771035,5673.3744702712,5428.1016046244
2017-06-22,5829.708008,5723.741645891,5721.7018790345,5678.2323556102,5430.6151129137
2017-07-03,5910.236816,5735.7735923497,5744.4639733044,5697.4752910755,5436.6962660367
2017-07-04,5865.36377,5744.1342489723,5749.5039274783,5702.3540591321,5440.4623690943
2017-07-07,5814.792969,5748.6928760708,5753.1639351304,5705.4289596415,5443.3365791518
